bodyId,KC_type,KC_subtype,n_claws,n_claws_corrected,Hemisphere
301309622,KCab,KCab-c,4,5,Right
332003899,KCab,KCab-c,0,0,Right
332685751,KCab,KCab-c,5,7,Right
300968622,KCab,KCab-m,5,5,Right
332353336,KCab,KCab-m,7,7,Right
332344670,KCab,KCab-c,6,9,Right
332349327,KCab,KCab-c,4,5,Right
301318641,KCab,KCab-c,5,5,Right
332008063,KCab,KCab-m,5,5,Right
332349228,KCab,KCab-c,5,6,Right
332344908,KCab,KCab-m,4,4,Right
332344760,KCab,KCab-c,5,5,Right
301314150,KCab,KCab-c,7,8,Right
331999156,KCab,KCab-c,6,9,Right
332003730,KCab,KCab-c,1,1,Right
332340127,KCab,KCab-s,7,7,Right
331999213,KCab,KCab-s,6,6,Right
332340236,KCab,KCab-m,4,5,Right
332344592,KCab,KCab-c,5,6,Right
332344539,KCab,KCab-c,2,3,Right
301314208,KCab,KCab-c,3,5,Right
332353438,KCab,KCab-s,6,7,Right
332685594,KCab,KCab-c,6,6,Right
331662717,KCab,KCab-s,6,5,Right
301314154,KCab,KCab-c,3,6,Right
332353566,KCab,KCab-m,5,4,Right
332353106,KCab,KCab-m,7,7,Right
332007728,KCab,KCab-m,3,4,Right
331662668,KCab,KCab-m,5,5,Right
332003629,KCab,KCab-m,3,4,Right
333035349,KCab,KCab-s,4,4,Right
362689128,KCab,KCab-s,6,7,Right
362701969,KCab,KCab-s,6,7,Right
362697657,KCab,KCab-s,8,7,Right
332689776,KCab,KCab-m,4,4,Right
332685755,KCab,KCab-c,5,7,Right
362693077,KCab,KCab-m,5,4,Right
354779890,KCg,KCg-m,10,11,Right
363029976,KCab,KCab-m,6,7,Right
362693473,KCab,KCab-m,6,5,Right
333030976,KCab,KCab-m,6,5,Right
354775482,KCg,KCg-m,8,8,Right
363038831,KCab,KCab-m,6,5,Right
363370913,KCab,KCab-m,2,2,Right
332690153,KCab,KCab-c,6,6,Right
363370708,KCab,KCab-c,4,9,Right
363030040,KCab,KCab-s,4,6,Right
363030024,KCab,KCab-m,6,7,Right
333031114,KCab,KCab-m,4,4,Right
363038752,KCab,KCab-c,3,5,Right
362701764,KCab,KCab-s,6,5,Right
363034174,KCab,KCab-m,5,5,Right
363047222,KCab,KCab-s,6,5,Right
362701895,KCab,KCab-m,4,4,Right
363042781,KCab,KCab-m,5,6,Right
363034501,KCab,KCab-c,3,3,Right
333039671,KCab,KCab-m,4,4,Right
363384083,KCab,KCab-m,6,7,Right
363375247,KCab,KCab-c,4,4,Right
363384090,KCab,KCab-m,4,4,Right
363725228,KCab,KCab-m,6,7,Right
363387921,KCab,KCab-m,6,8,Right
363716151,KCab,KCab-c,4,4,Right
364061776,KCab,KCab-m,5,5,Right
363716303,KCab,KCab-m,5,3,Right
363375408,KCab,KCab-c,7,6,Right
364411143,KCab,KCab-s,8,8,Right
363716362,KCab,KCab-m,8,6,Right
363724996,KCab,KCab-c,5,7,Right
363729314,KCab,KCab-m,7,7,Right
364070309,KCab,KCab-c,2,3,Right
363375475,KCab,KCab-c,3,3,Right
364070517,KCab,KCab-m,5,6,Right
363725201,KCab,KCab-m,5,3,Right
385158577,KCg,KCg-m,11,11,Right
393736822,KCab,KCab-m,8,8,Right
363384138,KCab,KCab-m,4,5,Right
394064790,KCab,KCab-m,6,7,Right
332008082,KCab,KCab-m,6,6,Right
394073547,KCab,KCab-m,6,6,Right
363729312,KCab,KCab-m,5,6,Right
363733406,KCab,KCab-s,4,5,Right
394401778,KCab,KCab-m,6,5,Right
385132611,KCg,KCg-m,10,11,Right
394427392,KCab,KCab-s,5,5,Right
364407023,KCab,KCab-m,4,5,Right
394060620,KCab,KCab-s,6,6,Right
363371001,KCab,KCab-m,1,1,Right
394759626,KCab,KCab-c,5,6,Right
393383025,KCab,KCab-s,6,7,Right
394759837,KCab,KCab-m,4,6,Right
394414783,KCab,KCab-m,2,2,Right
394069210,KCab,KCab-m,6,6,Right
394081878,KCab,KCab-s,4,5,Right
415494049,KCg,KCg-m,11,13,Right
394418743,KCab,KCab-m,5,4,Right
394755376,KCab,KCab-m,5,7,Right
415826533,KC part due to gap,KC part due to gap,7,7,Right
393387426,KCab,KCab-s,5,5,Right
394755632,KCab,KCab-c,2,2,Right
415511327,KCg,KCg-m,9,9,Right
415835070,KCg,KCg-m,10,12,Right
394755645,KCab,KCab-c,4,3,Right
362701875,KCab,KCab-s,5,5,Right
394755742,KCab,KCab-c,2,4,Right
415852518,KCg,KCg-m,9,9,Right
394077610,KCab,KCab-m,2,3,Right
394755782,KCab,KCab-c,5,6,Right
394397189,KCab,KCab-s,5,5,Right
394768379,KCab,KCab-s,7,7,Right
415835178,KCg,KCg-m,9,10,Right
394414724,KCab,KCab-m,8,8,Right
415908516,KCg,KCg-m,10,12,Right
415848228,KCg,KCg-m,11,11,Right
424754530,KCab,KCab-s,5,5,Right
394764082,KCab,KCab-m,6,5,Right
415848195,KCg,KCg-m,9,8,Right
363034407,KCab,KCab-m,4,6,Right
425431837,KCab,KCab-s,6,6,Right
425112506,KCab,KCab-s,5,7,Right
363034211,KCab,KCab-m,7,6,Right
416508862,KCg,KCg-m,10,11,Right
416837168,KCg,KCg-m,10,10,Right
425445301,KCab,KCab-c,8,9,Right
416189410,KCg,KCg-m,8,8,Right
425104216,KCab,KCab-m,5,7,Right
425104113,KCab,KCab-m,5,4,Right
425436170,KCab,KCab-m,7,7,Right
425086839,KCab,KCab-p,2,1,Right
425768768,KCab,KCab-s,7,7,Right
363724985,KCab,KCab-c,4,5,Right
426139965,KCab,KCab-s,6,6,Right
426477089,KCab,KCab-s,4,6,Right
446533552,KCg,KCg-m,9,9,Right
426464004,KCab,KCab-s,5,5,Right
425768822,KCab,KCab-s,6,6,Right
426818061,KCab,KCab-p,0,0,Right
446826981,KCg,KCg-m,9,7,Right
446883390,KCg,KCg-m,11,10,Right
455793743,KCab,KCab-s,5,6,Right
455793621,KCab,KCab-s,7,8,Right
447224575,KCg,KCg-m,9,11,Right
447219992,KCg,KCg-m,11,9,Right
455793827,KCab,KCab-s,4,4,Right
456121649,KCab,KCab-s,6,6,Right
456134692,KCab,KCab-s,5,10,Right
456458549,KCab,KCab-s,5,6,Right
456462919,KCab,KCab-p,3,3,Right
456462835,KCab,KCab-p,4,4,Right
456820863,KCab,KCab-m,5,9,Right
456808311,KCab,KCab-s,5,5,Right
457507485,KCab,KCab-s,6,6,Right
477262101,KCab,KCab-c,5,5,Right
476545134,KCab,KCab-m,6,6,Right
477572961,KCa'b',KCa'b'-ap2,6,6,Right
477896729,KC part due to gap,KC part due to gap,7,5,Right
477909698,KCg,KCg-m,10,13,Right
478250482,KCg,KCg-m,8,10,Right
477909602,KCg,KCg-m,9,10,Right
477909679,KCg,KCg-m,8,9,Right
478250407,KCg,KCg-m,9,10,Right
477900945,KCg,KCg-m,10,11,Right
477900959,KCg,KCg-m,9,9,Right
394060556,KCab,KCab-s,7,7,Right
486815976,KCa'b',KCa'b'-ap2,4,4,Right
486837442,KCa'b',KCa'b'-m,7,7,Right
487489028,KCa'b',KCa'b'-ap2,3,3,Right
487489064,KCa'b',KCa'b'-ap2,4,3,Right
487160828,KCa'b',KCa'b'-m,5,6,Right
487501700,KCab,KCab-s,6,6,Right
487847296,KCab,KCab-s,6,5,Right
487834179,KCa'b',KCa'b'-ap1,3,4,Right
488179878,KCa'b',KCa'b'-ap1,4,4,Right
487493197,KCa'b',KCa'b'-ap2,5,6,Right
488533722,KCab,KCab-s,5,6,Right
488205572,KCab,KCab-s,6,8,Right
488179585,KCab,KCab-s,5,5,Right
487834131,KCa'b',KCa'b'-ap1,5,6,Right
488188560,KCab,KCab-s,6,7,Right
488184014,KCab,KCab-s,8,9,Right
507243409,KCab,KCab-c,7,6,Right
395105113,KCab,KCab-m,4,4,Right
507260559,KCab,KCab-m,6,5,Right
508292573,KCab,KCab-c,5,5,Right
508599211,KCg,KCg-m,11,11,Right
508599271,KCg,KCg-m,10,11,Right
508599181,KCg,KCg-m,10,10,Right
508918609,KCa'b',KCa'b'-m,6,6,Right
508599276,KCg,KCg-m,8,8,Right
508599194,KCg,KCg-m,9,11,Right
508616471,KCg,KCg-m,10,12,Right
508935964,KCg,KCg-m,10,8,Right
508940292,KC part due to gap,KC part due to gap,5,4,Right
508940291,KCg,KCg-m,9,9,Right
508939879,KCg,KCg-m,6,6,Right
416189500,KCg,KCg-m,12,12,Right
508939914,KCg,KCg-m,8,12,Right
508949033,KCg,KCg-m,11,11,Right
509695478,KCg,KCg-m,7,9,Right
509013752,KCg,KCg-m,9,9,Right
509264220,KCg,KCg-m,12,11,Right
517510393,KCa'b',KCa'b'-ap2,6,7,Right
517850316,KCa'b',KCa'b'-ap2,4,4,Right
509700197,KCg,KCg-m,9,9,Right
517858947,KCab,KCab-p,0,0,Right
517847127,KCa'b',KCa'b'-ap2,5,5,Right
518195738,KCab,KCab-p,4,4,Right
518187118,KCa'b',KCa'b'-ap2,4,4,Right
518191547,KCa'b',KCa'b'-ap2,6,6,Right
518212987,KCa'b',KCa'b'-m,5,6,Right
517871837,KCa'b',KCa'b'-m,5,7,Right
518528152,KCa'b',KCa'b'-ap2,3,6,Right
518864844,KCa'b',KCa'b'-ap1,4,5,Right
518532490,KCa'b',KCa'b'-m,4,5,Right
518869381,KCa'b',KCa'b'-ap1,2,3,Right
518869459,KCa'b',KCa'b'-ap1,5,5,Right
518864924,KCa'b',KCa'b'-ap1,3,4,Right
518882016,KCab,KCab-s,6,6,Right
518873469,KCab,KCab-s,7,7,Right
519206240,KCa'b',KCa'b'-ap1,2,3,Right
519210172,KCa'b',KCa'b'-ap1,3,3,Right
519214622,KCa'b',KCa'b'-ap1,3,5,Right
519214895,KCa'b',KCa'b'-ap1,4,4,Right
518873604,KCab,KCab-s,5,7,Right
519218919,KCab,KCab-s,6,7,Right
519223027,KCab,KCab-s,5,6,Right
519232054,KCab,KCab-s,6,6,Right
519223428,KCab,KCab-m,5,6,Right
519564501,KCab,KCab-s,5,5,Right
519900699,KCab,KCab-s,4,5,Right
519573099,KCab,KCab-s,5,6,Right
537945877,KCab,KCab-c,5,5,Right
519905418,KCab,KCab-s,6,6,Right
538282782,KCab,KCab-m,5,4,Right
538602138,KCg,KCg-m,9,9,Right
538908474,KCab,KCab-m,3,3,Right
538951958,KCg,KCg-m,11,13,Right
539949478,KCg,KCg-m,6,6,Right
539975122,KC(incomplete?),KC(incomplete?),7,6,Right
539249493,KCab,KCab-m,6,5,Right
539586554,KC part due to gap,KC part due to gap,1,1,Right
539975118,KCg,KCg-m,10,10,Right
540389646,KCg,KCg-m,7,8,Right
539983731,KCg,KCg-m,10,10,Right
539949536,KCg,KCg-m,8,8,Right
540389734,KCg,KCg-m,10,10,Right
540730738,KCg,KCg-m,8,8,Right
542371432,KCab,KCab-p,0,0,Right
540730639,KCg,KCg-m,8,8,Right
548549000,KCa'b',KCa'b'-m,6,5,Right
548552875,KCa'b',KCa'b'-m,4,4,Right
540730657,KCg,KCg-m,8,9,Right
548549395,KCa'b',KCa'b'-m,5,7,Right
548552915,KCa'b',KCa'b'-m,6,6,Right
548553386,KCa'b',KCa'b'-m,5,4,Right
548885407,KCa'b',KCa'b'-ap2,4,4,Right
548889938,KCa'b',KCa'b'-m,5,6,Right
548553494,KCa'b',KCa'b'-m,4,5,Right
548885313,KCa'b',KCa'b'-ap2,5,5,Right
548898403,KCa'b',KCa'b'-m,8,7,Right
548894251,KCa'b',KCa'b'-m,5,5,Right
549222167,KCa'b',KCa'b'-ap2,5,5,Right
548898520,KCa'b',KCa'b'-m,5,5,Right
478660968,KCg,KCg-m,10,10,Right
549226277,KCa'b',KCa'b'-ap2,4,5,Right
487834111,KCa'b',KCa'b'-ap1,1,1,Right
549567614,KCa'b',KCa'b'-ap2,4,3,Right
549571627,KCab,KCab-p,0,0,Right
549899821,KCa'b',KCa'b'-ap1,3,4,Right
549572017,KCab,KCab-m,5,5,Right
549576424,KCab,KCab-m,4,4,Right
549576117,KCab,KCab-m,5,5,Right
549908737,KCa'b',KCa'b'-ap2,6,8,Right
549904227,KCa'b',KCa'b'-ap1,4,4,Right
549904387,KCa'b',KCa'b'-ap1,4,4,Right
549916869,KCab,KCab-m,8,8,Right
446848967,KCg,KCg-m,12,11,Right
550245056,KCa'b',KCa'b'-ap1,2,3,Right
550271272,KCab,KCab-s,6,6,Right
550599514,KCab,KCab-s,6,6,Right
569278689,KC part due to gap,KC part due to gap,1,1,Right
550598935,KCab,KCab-s,7,7,Right
549917317,KCab,KCab-m,5,5,Right
568635279,KCab,KCab-m,6,6,Right
569002579,KCab,KCab-m,6,6,Right
569334986,KCab,KCab-c,4,5,Right
507592981,KCab,KCab-m,6,6,Right
569317846,KCab,KCab-m,4,4,Right
569939107,KC part due to gap,KC part due to gap,2,1,Right
569615641,KCab,KCab-s,6,6,Right
569650323,KCg,KCg-m,8,8,Right
569999973,KCg,KCg-m,11,13,Right
570288900,KCab,KCab-m,6,6,Right
569943419,KCab,KCab-m,5,5,Right
570327880,KCg,KCg-m,11,12,Right
570314896,KCa'b',KCa'b'-m,5,6,Right
570643109,KCg,KCg-m,9,10,Right
570643102,KCg,KCg-m,10,11,Right
570336487,KCg,KCg-m,8,10,Right
570336412,KCg,KCg-m,10,9,Right
570647225,KC part due to gap,KC part due to gap,2,2,Right
570647366,KC part due to gap,KC part due to gap,7,7,Right
570643193,KCg,KCg-m,9,9,Right
570647526,KCg,KCg-m,9,10,Right
570643135,KCg,KCg-m,9,9,Right
570742510,KCg,KCg-m,11,13,Right
570742527,KCg,KCg-m,8,10,Right
571044587,KCy(half),KCy(half),10,5,Right
570997147,KCg,KCg-m,11,12,Right
570742599,KCg,KCg-m,7,8,Right
571424323,KCg,KCg-m,10,12,Right
571424650,KCg,KCg-m,12,14,Right
571778381,KCg,KCg-m,10,8,Right
571424748,KCg,KCg-m,10,9,Right
571424636,KCg,KCg-m,9,9,Right
571778433,KCg,KCg-m,9,9,Right
579583329,KCa'b',KCa'b'-m,4,7,Right
579587796,KCa'b',KCa'b'-m,5,6,Right
579592279,KCa'b',KCa'b'-m,5,5,Right
579924731,KCa'b',KCa'b'-m,3,3,Right
579928928,KCa'b',KCa'b'-m,3,3,Right
579592619,KCa'b',KCa'b'-m,5,4,Right
580598373,KCa'b',KCa'b'-ap2,5,5,Right
580611301,KCab,KCab-m,5,7,Right
580610916,KCab,KCab-m,6,6,Right
580951922,KCab,KCab-m,5,5,Right
538308362,KCab,KCab-m,6,6,Right
538653955,KCab,KCab-c,6,6,Right
580947602,KCa'b',KCa'b'-ap1,5,8,Right
580934661,KCa'b',KCa'b'-ap1,5,5,Right
581293182,KCab,KCab-m,4,5,Right
599674785,KCab,KCab-m,5,5,Right
600011602,KCab,KCab-m,5,5,Right
600356751,KCg,KCg-m,10,10,Right
600689582,KC part due to gap,KC part due to gap,1,1,Right
600684832,KCg,KCg-m,9,8,Right
600667501,KCab,KCab-s,5,5,Right
600965298,KC part due to gap,KC part due to gap,2,2,Right
600693904,KCg,KCg-m,9,10,Right
600978553,KC part due to gap,KC part due to gap,2,2,Right
600702348,KCg,KCg-m,9,9,Right
600702483,KCg,KCg-m,10,10,Right
601047827,KCg,KCg-m,10,11,Right
601302278,KC part due to gap,KC part due to gap,4,4,Right
601047853,KCg,KCg-m,9,10,Right
601047826,KCg,KCg-m,11,12,Right
601388689,KCg,KCg-d,5,4,Right
601319398,KCab,KCab-m,4,4,Right
601712754,KCg,KCg-m,10,9,Right
602459169,KCg,KCg-m,7,8,Right
601725442,KC(incomplete?),KC(incomplete?),4,6,Right
602459213,KCg,KCg-m,8,9,Right
602118253,KCg,KCg-m,11,12,Right
602808843,KCa'b',KCa'b'-ap2,5,5,Right
602459682,KCg,KCg-m,10,10,Right
610618198,KCa'b',KCa'b'-m,5,6,Right
603422422,KCab,KCab-s,7,8,Right
602809029,KCg,KCg-m,7,7,Right
611300533,KCa'b',KCa'b'-m,4,4,Right
611304789,KCab,KCab-s,6,7,Right
611309194,KCab,KCab-m,6,5,Right
611305085,KCa'b',KCa'b'-m,4,6,Right
611646050,KCab,KCab-p,0,0,Right
611646132,KCab,KCab-s,6,5,Right
611974080,KCa'b',KCa'b'-ap1,4,8,Right
612323667,KCa'b',KCa'b'-m,5,5,Right
612668833,KCab,KCab-s,5,5,Right
612669205,KCab,KCab-s,3,3,Right
630373425,KCab,KCab-c,5,7,Right
630373497,KCab,KCab-s,8,9,Right
630381662,KCab,KCab-m,5,6,Right
549230949,KCa'b',KCa'b'-ap2,5,5,Right
630381893,KCg,KCg-m,11,11,Right
630722830,KCab,KCab-s,3,4,Right
630722941,KCg,KCg-m,8,6,Right
630377642,KCab,KCab-m,7,9,Right
630722975,KC part due to gap,KC part due to gap,3,4,Right
630748479,KCa'b',KCa'b'-ap1,3,3,Right
630727056,KCg,KCg-m,8,9,Right
631051012,KCab,KCab-s,5,5,Right
630731599,KCg,KCg-t,7,8,Right
631059587,KCab,KCab-s,4,4,Right
631055506,KCg,KCg-m,10,10,Right
631051057,KCg,KCg-m,10,9,Right
631374662,KC part due to gap,KC part due to gap,6,5,Right
631064055,KCg,KCg-m,10,9,Right
631396256,KCg,KCg-m,8,8,Right
631400190,KCg,KCg-m,6,12,Right
631396532,KCg,KCg-m,12,12,Right
631400598,KCg,KCg-m,10,11,Right
631396453,KCab,KCab-m,8,6,Right
631400622,KCg,KCg-m,10,9,Right
631728731,KC part due to gap,KC part due to gap,4,6,Right
631422121,KCg,KCg-m,9,9,Right
631400693,KCg,KCg-m,9,9,Right
631733127,KCg,KCg-m,8,7,Right
631737164,KCg,KCg-m,8,8,Right
632017828,KC part due to gap,KC part due to gap,1,1,Right
631737380,KCg,KCg-m,10,9,Right
631422224,KCg,KCg-m,7,8,Right
631741483,KCg,KCg-m,12,11,Right
631741308,KCg,KCg-d,6,5,Right
632069728,KCg,KCg-m,7,7,Right
632069757,KCg,KCg-m,9,8,Right
632048075,KCg,KCg-m,9,9,Right
632013356,KCab,KCab-m,5,6,Right
632397780,KCg,KCg-m,9,8,Right
632069851,KCg,KCg-m,6,9,Right
632734572,KCg,KCg-m,8,9,Right
632402333,KCg,KCg-m,7,7,Right
633144545,KCg,KCg-m,7,8,Right
633148859,KCg,KCg-m,11,13,Right
632808044,KCg,KCg-m,9,10,Right
633148716,KCg,KCg-m,10,9,Right
569313277,KCab,KCab-m,4,4,Right
632397750,KCg,KCg-m,11,9,Right
642335523,KCab,KCab-p,3,5,Right
632397510,KCg,KCg-m,7,11,Right
632397798,KCg,KCg-m,8,7,Right
632082635,KCg,KCg-m,12,12,Right
642680823,KCab,KCab-s,6,6,Right
632397786,KCg,KCg-m,11,11,Right
641653381,KCa'b',KCa'b'-m,5,5,Right
642680853,KCab,KCab-m,4,4,Right
581633934,KCab,KCab-s,5,7,Right
642680881,KCab,KCab-m,4,4,Right
642681035,KCab,KCab-m,4,5,Right
642680969,KCab,KCab-p,0,0,Right
642335553,KCa'b',KCa'b'-m,7,6,Right
633149039,KCg,KCg-m,8,12,Right
633148704,KCg,KCg-m,8,9,Right
633498748,KCg,KCg-m,8,8,Right
633149202,KCg,KCg-m,8,9,Right
643362770,KCab,KCab-s,7,8,Right
643363111,KCab,KCab-s,5,5,Right
642689607,KCab,KCab-m,4,4,Right
660730340,KCab,KCab-c,4,3,Right
643703819,KCab,KCab-s,5,5,Right
661076014,KCab,KCab-c,3,3,Right
661395129,KCg,KCg-m,10,12,Right
661080007,KCa'b',KCa'b'-m,4,6,Right
661084049,KCg,KCg-m,10,10,Right
661407917,KCa'b',KCa'b'-m,7,7,Right
661399477,KCg,KCg-m,11,10,Right
661408056,KCg,KCg-m,7,7,Right
661421129,KCg,KCg-m,8,8,Right
661430179,KCg,KCg-m,10,10,Right
661408094,KCab,KCab-m,5,6,Right
661740600,KC part due to gap,KC part due to gap,3,3,Right
610968248,KCa'b',KCa'b'-m,5,6,Right
661740651,KCg,KCg-m,9,10,Right
661757811,KCg,KCg-m,10,10,Right
662085792,KC part due to gap,KC part due to gap,1,1,Right
662089919,KC part due to gap,KC part due to gap,6,6,Right
662085486,KCg,KCg-m,10,11,Right
662081640,KCg,KCg-m,8,8,Right
662081902,KCg,KCg-m,9,12,Right
662094168,KCg,KCg-m,9,8,Right
661430106,KCg,KCg-m,10,9,Right
662103124,KCab,KCab-c,5,5,Right
661766416,KCg,KCg-m,8,10,Right
662409505,KCa'b',KCa'b'-m,6,7,Right
662107593,KCg,KCg-m,9,8,Right
662414157,KCab,KCab-c,5,8,Right
662409582,KCa'b',KCa'b'-ap2,5,6,Right
662107551,KCg,KCg-m,9,10,Right
662452625,KCg,KCg-m,8,8,Right
662711769,KC part due to gap,KC part due to gap,6,6,Right
662461539,KCg,KCg-m,8,7,Right
662728826,KCab,KCab-m,6,5,Right
662763904,KCg,KCg-m,10,10,Right
662763626,KCg,KCg-m,7,8,Right
662772373,KCab,KCab-m,5,5,Right
662767770,KCg,KCg-m,9,9,Right
662772393,KCg,KCg-m,10,11,Right
662789529,KCab,KCab-s,5,5,Right
663091787,KCg,KCg-m,7,7,Right
663834152,KCg,KCg-m,8,9,Right
662806818,KCg,KCg-m,10,10,Right
662802782,KCg,KCg-m,12,11,Right
663493162,KCg,KCg-m,10,13,Right
663134970,KCg,KCg-m,8,8,Right
664184060,KCg,KCg-m,6,8,Right
664141134,KCg,KCg-m,10,10,Right
664188108,KCg,KCg-m,7,10,Right
664188083,KCg,KCg-m,8,8,Right
664188056,KCg,KCg-m,9,9,Right
664187932,KCg,KCg-m,8,10,Right
664188129,KCg,KCg-m,7,10,Right
664188211,KCg,KCg-m,9,13,Right
673366263,KCa'b',KCa'b'-ap2,4,6,Right
673029543,KCa'b',KCa'b'-m,7,5,Right
673370525,KCa'b',KCa'b'-m,2,3,Right
673715784,KCab,KCab-m,6,6,Right
674056647,KCab,KCab-m,5,5,Right
674056882,KCab,KCab-m,7,5,Right
674393414,KCa'b',KCa'b'-ap2,6,6,Right
674398014,KCab,KCab-m,6,7,Right
674738872,KCa'b',KCa'b'-ap2,6,5,Right
691760950,KCab,KCab-m,6,5,Right
692093440,KCg,KCg-m,10,10,Right
692775807,KC part due to gap,KC part due to gap,1,1,Right
692775814,KC part due to gap,KC part due to gap,5,5,Right
692110379,KCab,KCab-s,6,6,Right
692430198,KCg,KCg-m,11,11,Right
692434135,KCg,KCg-m,9,10,Right
693034103,KC part due to gap,KC part due to gap,1,1,Right
692792746,KCab,KCab-c,2,3,Right
692810011,KCg,KCg-m,11,15,Right
693112035,KC part due to gap,KC part due to gap,1,1,Right
692119287,KCg,KCg-m,9,8,Right
693099102,KCg,KCg-m,4,3,Right
692818786,KCg,KCg-m,6,7,Right
693099031,KCg,KCg-m,6,5,Right
692818802,KCg,KCg-m,8,13,Right
693116214,KC part due to gap,KC part due to gap,3,6,Right
693121000,KC part due to gap,KC part due to gap,2,3,Right
693116396,KCab,KCab-c,4,6,Right
693159855,KCab,KCab-s,6,7,Right
693133603,KCg,KCg-m,10,9,Right
693448777,KCab,KCab-c,3,3,Right
693500431,KCg,KCg-m,8,8,Right
693453332,KCab,KCab-c,7,8,Right
693500652,KCg,KCg-m,9,9,Right
693785353,KC part due to gap,KC part due to gap,2,3,Right
693785371,KCg,KCg-m,8,8,Right
693785740,KC part due to gap,KC part due to gap,5,5,Right
693785780,KC part due to gap,KC part due to gap,2,3,Right
693785633,KCab,KCab-m,4,5,Right
693794431,KC part due to gap,KC part due to gap,2,2,Right
693790141,KC part due to gap,KC part due to gap,7,8,Right
693837780,KCg,KCg-m,11,13,Right
693841929,KCab,KCab-s,6,7,Right
694126800,KC part due to gap,KC part due to gap,5,6,Right
694139687,KC part due to gap,KC part due to gap,2,4,Right
693841887,KCg,KCg-m,8,10,Right
693846112,KCg,KCg-m,11,11,Right
694524222,KCg,KCg-m,6,9,Right
704409742,KCab,KCab-s,5,6,Right
704746457,KCab,KCab-p,3,3,Right
704750475,KCab,KCab-s,6,6,Right
704742082,KCa'b',KCa'b'-m,6,6,Right
704750665,KCab,KCab-m,8,5,Right
704750673,KCab,KCab-m,6,4,Right
704750742,KCab,KCab-s,5,5,Right
704750842,KCab,KCab-m,4,4,Right
704750766,KCab,KCab-m,7,11,Right
705082892,KCa'b',KCa'b'-m,4,4,Right
704759205,KCa'b',KCa'b'-ap2,3,3,Right
705091769,KCab,KCab-c,3,4,Right
705091521,KCab,KCab-m,6,6,Right
705432638,KCab,KCab-s,5,5,Right
705432922,KCab,KCab-m,5,6,Right
705774051,KCab,KCab-s,6,7,Right
723128414,KC part due to gap,KC part due to gap,1,1,Right
722450065,KCg,KCg-m,9,10,Right
723153828,KCg,KCg-m,9,10,Right
723469488,KC part due to gap,KC part due to gap,3,3,Right
722467632,KCg,KCg-m,9,9,Right
723167312,KCg,KCg-m,8,11,Right
722821616,KCg,KCg-m,10,10,Right
723810015,KC part due to gap,KC part due to gap,2,4,Right
723158245,KCg,KCg-m,8,8,Right
723848801,KCg,KCg-m,8,9,Right
723508162,KCg,KCg-m,7,12,Right
722471778,KCg,KCg-m,6,9,Right
723853340,KCab,KCab-s,5,6,Right
723849351,KCg,KCg-m,8,11,Right
724133866,KC part due to gap,KC part due to gap,3,3,Right
724138359,KC part due to gap,KC part due to gap,4,4,Right
724134170,KC part due to gap,KC part due to gap,1,1,Right
724134138,KCab,KCab-m,4,4,Right
724488194,KC part due to gap,KC part due to gap,3,2,Right
724488362,KC part due to gap,KC part due to gap,1,3,Right
724151343,KC part due to gap,KC part due to gap,4,4,Right
723508068,KCa'b',KCa'b'-ap1,4,4,Right
723495119,KCg,KCg-m,10,11,Right
724763999,KC part due to gap,KC part due to gap,2,2,Right
724531411,KCg,KCg-m,10,12,Right
724522447,KCg,KCg-m,8,8,Right
724825187,KC part due to gap,KC part due to gap,4,8,Right
662418320,KCg,KCg-m,8,8,Right
724867606,KCg,KCg-m,8,9,Right
724829211,KC part due to gap,KC part due to gap,1,1,Right
724867917,KCg,KCg-m,6,6,Right
724876683,KCg,KCg-m,8,9,Right
724816217,KC part due to gap,KC part due to gap,4,5,Right
724142845,KCg,KCg-m,9,8,Right
662754991,KCg,KCg-m,7,8,Right
725200110,KCg,KCg-m,9,9,Right
735785459,KCab,KCab-m,3,3,Right
725174424,KCab,KCab-m,5,5,Right
724885340,KCg,KCg-m,9,9,Right
725217343,KCg,KCg-m,10,9,Right
735785639,KCab,KCab-c,4,5,Right
735785541,KCab,KCab-s,7,7,Right
735790008,KCab,KCab-s,7,7,Right
736122569,KCab,KCab-m,4,4,Right
736117977,KCa'b',KCa'b'-m,5,5,Right
735785583,KCab,KCab-s,6,6,Right
735785741,KCab,KCab-s,6,6,Right
736126563,KCab,KCab-c,5,6,Right
736126644,KCab,KCab-c,4,5,Right
736126668,KCab,KCab-c,6,8,Right
736126732,KCab,KCab-m,4,4,Right
736126717,KCab,KCab-c,5,5,Right
736126746,KCab,KCab-m,5,5,Right
736463614,KCab,KCab-m,5,7,Right
736467526,KCab,KCab-m,5,5,Right
736808522,KCa'b',KCa'b'-ap2,4,8,Right
736467640,KCab,KCab-m,5,5,Right
736808904,KCab,KCab-s,7,8,Right
736813212,KCab,KCab-s,4,5,Right
753489892,KCab,KCab-c,4,7,Right
753489735,KCab,KCab-c,5,6,Right
753852265,KCab,KCab-c,4,5,Right
737149964,KCa'b',KCa'b'-ap1,4,3,Right
754150161,KC part due to gap,KC part due to gap,3,4,Right
753852396,KCab,KCab-c,3,3,Right
737150041,KCa'b',KCa'b'-ap2,5,5,Right
737491062,KCa'b',KCa'b'-ap1,4,5,Right
753489951,KCab,KCab-c,8,11,Right
737149820,KCa'b',KCa'b'-ap2,6,9,Right
753852432,KCg,KCg-m,10,12,Right
753506746,KCg,KCg-d,0,0,Right
753847960,KCg,KCg-m,9,9,Right
754154720,KC part due to gap,KC part due to gap,2,3,Right
754163207,KCab,KCab-c,0,0,Right
753839564,KCg,KCg-m,7,7,Right
693099064,KCab,KCab-m,5,6,Right
754184667,KCab,KCab-s,8,9,Right
754188911,KCg,KCg-m,5,5,Right
754206396,KCg,KCg-m,4,3,Right
754197850,KCab,KCab-s,6,6,Right
754491144,KC part due to gap,KC part due to gap,1,1,Right
754188980,KCg,KCg-m,10,10,Right
754202022,KCg,KCg-m,8,9,Right
754486618,KC part due to gap,KC part due to gap,1,2,Right
754525744,KCa'b',KCa'b'-ap2,3,3,Right
755173211,KC part due to gap,KC part due to gap,3,2,Right
754893183,KCa'b',KCa'b'-ap2,4,5,Right
755173189,KCab,KCab-c,3,3,Right
755234235,KCab,KCab-c,2,3,Right
755527664,KC part due to gap,KC part due to gap,2,2,Right
755544921,KCg,KCg-m,8,8,Right
756585129,KCab,KCab-m,6,7,Right
755868550,KCab,KCab-c,2,4,Right
756196285,KCg,KCg-m,9,9,Right
756567539,KCab,KCab-m,6,7,Right
755851102,KCg,KCg-m,4,4,Right
755229523,KCg,KCg-m,10,11,Right
754832123,KC part due to gap,KC part due to gap,5,5,Right
767161677,KCab,KCab-m,2,2,Right
754538763,KCab,KCab-c,1,1,Right
767161652,KCab,KCab-m,4,5,Right
767502579,KCab,KCab-c,6,6,Right
767502627,KCab,KCab-c,4,5,Right
754870859,KCg,KCg-m,8,10,Right
754879354,KCab,KCab-c,3,6,Right
767502657,KCab,KCab-c,3,6,Right
767502639,KCab,KCab-c,2,3,Right
754547386,KCg,KCg-m,7,9,Right
756196541,KCg,KCg-d,1,1,Right
766820559,KCab,KCab-m,5,5,Right
767852204,KCa'b',KCa'b'-m,4,5,Right
767502667,KCab,KCab-c,3,3,Right
768184623,KCa'b',KCa'b'-m,5,5,Right
768184604,KCa'b',KCa'b'-ap2,6,6,Right
768525593,KCa'b',KCa'b'-ap1,2,3,Right
768525608,KCa'b',KCa'b'-ap2,5,5,Right
768184496,KCa'b',KCa'b'-m,4,4,Right
768525647,KCa'b',KCa'b'-ap2,6,6,Right
784541854,KCg,KCg-m,9,10,Right
784844112,KCab,KCab-c,3,5,Right
784848513,KC part due to gap,KC part due to gap,1,1,Right
784204967,KCg,KCg-m,7,10,Right
784844115,KC part due to gap,KC part due to gap,3,4,Right
784541732,KCg,KCg-d,1,1,Right
785189253,KC part due to gap,KC part due to gap,1,2,Right
784882707,KCab,KCab-c,3,3,Right
784895866,KCg,KCg-m,8,8,Right
785189156,KCab,KCab-m,6,6,Right
785198372,KCab,KCab-m,6,6,Right
785232649,KCg,KCg-m,6,8,Right
785517281,KC part due to gap,KC part due to gap,1,1,Right
785232629,KCab,KCab-c,5,5,Right
785456671,KC part due to gap,KC part due to gap,1,1,Right
785521487,KC part due to gap,KC part due to gap,1,1,Right
785521517,KC part due to gap,KC part due to gap,2,2,Right
785525842,KC part due to gap,KC part due to gap,2,2,Right
785525736,KCab,KCab-m,6,5,Right
785888696,KCab,KCab-c,2,3,Right
785573850,KCab,KCab-s,4,5,Right
785914742,KCg,KCg-m,9,11,Right
785918963,KCg,KCg-t,8,7,Right
786221078,KCab,KCab-m,7,5,Right
797514653,KCab,KCab-m,6,4,Right
786929029,KCab,KCab-s,6,7,Right
798192091,KCab,KCab-m,6,5,Right
798192162,KCab,KCab-c,5,5,Right
797855394,KCab,KCab-m,6,5,Right
798196366,KCab,KCab-m,6,6,Right
798196454,KCab,KCab-m,5,5,Right
798192115,KCab,KCab-m,4,4,Right
798528850,KCa'b',KCa'b'-m,4,4,Right
798196461,KCab,KCab-c,5,6,Right
798533259,KCab,KCab-c,1,2,Right
798537392,KCab,KCab-c,5,5,Right
798196389,KCab,KCab-m,5,5,Right
798537456,KCab,KCab-c,5,5,Right
798537538,KCab,KCab-c,3,3,Right
798537638,KCab,KCab-c,5,7,Right
798874090,KCab,KCab-s,5,6,Right
798537701,KCab,KCab-c,4,4,Right
799215269,KCab,KCab-p,0,0,Right
798869986,KCab,KCab-s,6,6,Right
799219511,KCa'b',KCa'b'-m,7,7,Right
799560834,KCa'b',KCa'b'-m,6,8,Right
799906141,KCa'b',KCa'b'-ap2,7,7,Right
799901370,KCa'b',KCa'b'-ap1,3,3,Right
815240159,KCab,KCab-m,5,5,Right
815926323,KCab,KCab-c,4,4,Right
815585355,KCab,KCab-c,4,3,Right
815580911,KCg,KCg-m,7,8,Right
815921891,KCab,KCab-c,5,4,Right
815922095,KCab,KCab-s,5,6,Right
815930761,KCab,KCab-s,4,4,Right
815926332,KCab,KCab-m,7,7,Right
815926346,KCab,KCab-c,3,4,Right
815909099,KCg,KCg-m,7,8,Right
815922112,KCg,KCg-m,7,8,Right
816263443,KCab,KCab-c,3,5,Right
816613438,KCa'b',KCa'b'-ap1,3,4,Right
816254592,KCab,KCab-c,5,5,Right
816276925,KCg,KCg-m,9,10,Right
816276055,KCg,KCg-m,11,10,Right
817294806,KCa'b',KCa'b'-ap2,2,2,Right
816962833,KCa'b',KCa'b'-ap2,4,4,Right
817299301,KCa'b',KCa'b'-m,5,6,Right
817985849,KCab,KCab-s,3,4,Right
817993932,KCab,KCab-s,4,4,Right
818637585,KCab,KCab-c,3,6,Right
829015629,KCab,KCab-m,5,4,Right
755177787,KCab,KCab-m,7,6,Right
829231457,KCab,KCab-m,6,4,Right
829231385,KCab,KCab-m,5,6,Right
829235909,KCab,KCab-p,0,0,Right
829572252,KCab,KCab-c,5,8,Right
829572451,KCab,KCab-c,4,6,Right
846270628,KCab,KCab-c,5,4,Right
829572544,KCab,KCab-c,1,1,Right
831273286,KCa'b',KCa'b'-ap1,4,4,Right
846602958,KCg,KCg-d,5,4,Right
846611449,KCab,KCab-c,4,5,Right
830586919,KCa'b',KCa'b'-ap2,6,6,Right
846620287,KCab,KCab-m,7,8,Right
846611908,KCab,KCab-c,3,5,Right
846616159,KCab,KCab-m,4,4,Right
846620223,KCab,KCab-s,5,5,Right
846952407,KCab,KCab-m,6,5,Right
846952683,KCab,KCab-m,6,4,Right
847254536,KCab,KCab-m,6,6,Right
847254581,KCab,KCab-m,3,3,Right
846616006,KCab,KCab-c,4,4,Right
847293869,KCab,KCab-s,5,7,Right
847297982,KCab,KCab-m,4,5,Right
847297956,KCg,KCg-m,7,7,Right
847302850,KCg,KCg-m,8,11,Right
848316930,KCab,KCab-c,4,5,Right
847989021,KCab,KCab-m,5,7,Right
848287126,KCab,KCab-c,3,4,Right
848321392,KCab,KCab-c,4,4,Right
848330091,KCab,KCab-s,6,7,Right
848662421,KCab,KCab-c,4,5,Right
848666776,KCab,KCab-m,6,6,Right
848662441,KCab,KCab-c,4,9,Right
849370246,KCab,KCab-s,4,4,Right
848692583,KCg,KCg-m,9,8,Right
849707224,KCab,KCab-s,6,6,Right
849685478,KCab,KCab-m,5,5,Right
849370258,KCab,KCab-s,8,9,Right
860265987,KCab,KCab-m,6,5,Right
860257495,KCab,KCab-m,6,7,Right
859925004,KCab,KCab-m,6,6,Right
860261985,KCab,KCab-c,7,9,Right
860266014,KCab,KCab-m,5,5,Right
860266062,KCab,KCab-m,4,5,Right
860266346,KCab,KCab-c,3,3,Right
860266309,KCab,KCab-m,5,6,Right
860266404,KCab,KCab-c,5,5,Right
860266123,KCab,KCab-c,4,5,Right
860266377,KCab,KCab-c,4,5,Right
860603005,KCab,KCab-c,5,6,Right
860607168,KCab,KCab-c,3,7,Right
860607450,KCab,KCab-c,2,4,Right
860607480,KCab,KCab-c,4,7,Right
860607455,KCab,KCab-c,6,8,Right
860607367,KCab,KCab-c,3,4,Right
860607503,KCab,KCab-c,4,5,Right
861280857,KCab,KCab-p,0,0,Right
861285145,KCab,KCab-p,3,2,Right
861630613,KCa'b',KCa'b'-m,4,4,Right
861634934,KCa'b',KCa'b'-m,3,5,Right
862312670,KCa'b',KCa'b'-ap1,4,4,Right
877313996,KCab,KCab-c,5,7,Right
877318574,KCab,KCab-m,6,6,Right
877659583,KCab,KCab-m,4,4,Right
877659673,KCab,KCab-m,4,4,Right
877982991,KCab,KCab-c,3,6,Right
877987539,KCab,KCab-c,3,5,Right
877974490,KCab,KCab-c,4,4,Right
877987901,KCab,KCab-m,6,6,Right
878324222,KCab,KCab-c,6,6,Right
877992236,KCab,KCab-m,5,4,Right
878324438,KCab,KCab-m,5,6,Right
878333333,KCab,KCab-m,6,6,Right
877992303,KCab,KCab-m,7,7,Right
879032295,KCab,KCab-m,6,6,Right
878333234,KCab,KCab-c,4,4,Right
878670047,KCab,KCab-m,6,6,Right
878337317,KCab,KCab-m,8,7,Right
878652627,KCa'b',KCa'b'-m,5,5,Right
880055173,KCab,KCab-s,5,6,Right
880404940,KCab,KCab-m,5,5,Right
880409455,KCab,KCab-s,5,8,Right
891301236,KCab,KCab-m,7,6,Right
880383629,KCg,KCg-m,10,10,Right
881057369,KCg,KCg-m,5,6,Right
891301315,KCab,KCab-m,4,4,Right
891629070,KCab,KCab-s,7,8,Right
891637860,KCab,KCab-c,3,6,Right
891642215,KCab,KCab-c,3,5,Right
891642281,KCab,KCab-c,4,7,Right
891642345,KCab,KCab-c,4,4,Right
891978843,KCab,KCab-c,4,6,Right
893347461,KCa'b',KCa'b'-ap2,4,5,Right
908340253,KCab,KCab-m,5,5,Right
893688605,KCa'b',KCa'b'-ap1,3,5,Right
908353540,KCab,KCab-m,4,5,Right
908668522,KCab,KCab-m,5,5,Right
908685688,KCab,KCab-m,7,7,Right
908685859,KCab,KCab-m,5,5,Right
908689934,KCab,KCab-m,8,5,Right
908699052,KCab,KCab-m,3,4,Right
908668556,KCab,KCab-m,5,6,Right
908690107,KCab,KCab-m,5,6,Right
909704857,KCab,KCab-c,3,3,Right
909372586,KCab,KCab-m,4,4,Right
909368173,KCab,KCab-m,6,5,Right
909026992,KCab,KCab-m,5,6,Right
909372602,KCab,KCab-m,4,4,Right
909026561,KCab,KCab-m,4,5,Right
909717461,KCg,KCg-d,1,1,Right
909730907,KCab,KCab-s,7,8,Right
910063154,KCab,KCab-m,5,6,Right
910063307,KCab,KCab-s,4,5,Right
909730911,KCab,KCab-m,5,5,Right
910404284,KCab,KCab-m,4,5,Right
910386568,KCab,KCab-c,4,6,Right
910412830,KCab,KCab-m,7,7,Right
911094343,KCab,KCab-m,6,6,Right
911755444,KCg,KCg-m,7,7,Right
911400981,KCab,KCab-c,5,7,Right
911759695,KCg,KCg-m,6,10,Right
922677121,KCab,KCab-c,3,4,Right
923013923,KCab,KCab-c,4,4,Right
923018247,KCab,KCab-c,4,6,Right
923700162,KCa'b',KCa'b'-m,4,4,Right
923018290,KCab,KCab-m,5,5,Right
939729706,KCab,KCab-c,4,5,Right
923359312,KCab,KCab-s,5,5,Right
939733452,KCab,KCab-s,6,6,Right
939738364,KCab,KCab-m,5,6,Right
924723528,KCa'b',KCa'b'-ap1,5,7,Right
939733918,KCa'b',KCa'b'-m,5,5,Right
939738399,KCab,KCab-m,8,6,Right
939738376,KCab,KCab-s,6,6,Right
939030036,KCab,KCab-m,7,6,Right
939734266,KCab,KCab-m,5,5,Right
939734122,KCab,KCab-s,5,6,Right
939729237,KCab,KCab-s,6,6,Right
939738473,KCab,KCab-c,3,4,Right
940079568,KCab,KCab-m,4,7,Right
940079253,KCab,KCab-m,4,4,Right
940083749,KCab,KCab-c,5,6,Right
940079513,KCab,KCab-m,6,6,Right
940079771,KCab,KCab-m,4,5,Right
939738477,KCab,KCab-m,4,4,Right
940084095,KCab,KCab-c,6,8,Right
940084060,KCab,KCab-m,3,4,Right
939742503,KCab,KCab-c,3,3,Right
940084152,KCab,KCab-c,3,5,Right
940420292,KCa'b',KCa'b'-m,4,4,Right
939738424,KCab,KCab-c,5,5,Right
940425106,KCab,KCab-m,5,6,Right
940087822,KCab,KCab-c,1,1,Right
940070913,KCab,KCab-m,5,5,Right
940079170,KCab,KCab-s,7,7,Right
939742609,KCab,KCab-c,4,7,Right
940425171,KCab,KCab-s,6,6,Right
940075464,KCab,KCab-m,5,4,Right
940752707,KCab,KCab-m,4,6,Right
940761352,KCab,KCab-c,4,4,Right
940748411,KCab,KCab-m,4,5,Right
940425232,KCab,KCab-m,3,3,Right
941111195,KCab,KCab-m,3,4,Right
940075056,KCab,KCab-p,4,2,Right
941102504,KCab,KCab-m,6,6,Right
953029783,KCab,KCab-s,6,6,Right
940079657,KCab,KCab-m,3,3,Right
940084011,KCab,KCab-m,5,6,Right
860944055,KCab,KCab-c,7,5,Right
953712141,KCab,KCab-m,4,5,Right
943118619,KCg,KCg-d,4,3,Right
954053018,KCab,KCab-c,5,7,Right
954053251,KCab,KCab-c,6,8,Right
970772961,KCab,KCab-c,5,8,Right
970777114,KCab,KCab-c,4,6,Right
954730964,KCab,KCab-s,6,6,Right
970777224,KCab,KCab-c,2,4,Right
971113967,KCab,KCab-c,6,6,Right
971118202,KCab,KCab-m,5,7,Right
971118588,KCab,KCab-c,5,7,Right
971459227,KCab,KCab-m,4,4,Right
971118724,KCab,KCab-c,4,4,Right
984405805,KCab,KCab-m,7,7,Right
984746802,KCab,KCab-m,6,6,Right
985429128,KCab,KCab-m,5,5,Right
973146958,KCg,KCg-m,10,9,Right
1001453586,KCa'b',KCa'b'-ap1,2,3,Right
973488234,KCg,KCg-m,8,9,Right
1003474104,KCa'b',KCa'b'-ap1,2,2,Right
973151229,KCg,KCg-m,10,13,Right
986793149,KCa'b',KCa'b'-ap2,5,5,Right
972128731,KCg,KCg-m,8,8,Right
1003474283,KCg,KCg-m,12,12,Right
1003478461,KCg,KCg-m,8,8,Right
1004527604,KCg,KCg-m,8,9,Right
1004527691,KCg,KCg-m,8,9,Right
1004527700,KCg,KCg-m,6,6,Right
1016122913,KCab,KCab-c,3,5,Right
1005179377,KCg,KCg-d,0,0,Right
1016118651,KCab,KCab-c,3,5,Right
1005179264,KCg,KCg-m,8,9,Right
1016459595,KCab,KCab-m,7,6,Right
1018510191,KCa'b',KCa'b'-ap1,3,3,Right
1017819398,KCa'b',KCa'b'-ap2,5,6,Right
1018164997,KCa'b',KCa'b'-ap1,3,4,Right
1034198388,KCab,KCab-p,0,0,Right
1036559440,KCg,KCg-m,10,12,Right
1035557785,KCg,KCg-m,10,11,Right
1016805008,KCab,KCab-p,0,0,Right
1036559490,KCg,KCg-m,7,8,Right
1035562328,KCg,KCg-m,10,9,Right
1036563762,KCa'b',KCa'b'-ap1,3,6,Right
1046816660,KCab,KCab-c,5,4,Right
1047157746,KCab,KCab-m,6,5,Right
1046812283,KCab,KCab-m,7,6,Right
1047835635,KCa'b',KCa'b'-m,5,5,Right
1048517845,KCa'b',KCa'b'-m,8,5,Right
1049549402,KCa'b',KCa'b'-ap1,4,6,Right
1048854479,KCa'b',KCa'b'-ap2,6,6,Right
1049549412,KCa'b',KCa'b'-ap1,5,5,Right
1067598881,KCg,KCg-m,8,10,Right
1064891781,KCab,KCab-p,2,2,Right
1068272038,KCg,KCg-m,9,10,Right
1068276312,KCg,KCg-m,10,10,Right
1068613227,KCg,KCg-m,8,8,Right
1068613231,KCg,KCg-m,8,8,Right
1068613282,KCg,KCg-m,9,10,Right
1068954391,KCg,KCg-m,9,10,Right
1068617431,KCg,KCg-m,8,9,Right
1068954342,KCg,KCg-m,8,9,Right
1068958652,KCg,KCg-m,11,9,Right
1069295830,KCg,KCg-m,7,8,Right
1077851524,KCab,KCab-c,5,6,Right
1068958593,KCg,KCg-m,9,8,Right
1078525257,KCab,KCab-m,7,7,Right
1069295816,KCg,KCg-m,7,8,Right
1078534115,KCab,KCab-s,6,6,Right
1078534091,KCab,KCab-s,3,4,Right
1078875017,KCab,KCab-s,6,6,Right
1079215685,KCa'b',KCa'b'-ap2,7,9,Right
1080579985,KCa'b',KCa'b'-ap1,4,6,Right
1080579786,KCa'b',KCa'b'-ap1,3,3,Right
1080566792,KCa'b',KCa'b'-ap2,5,4,Right
1096919756,KCg,KCg-m,12,13,Right
1097265345,KCg,KCg-m,12,12,Right
1100675450,KCg,KCg-m,9,9,Right
1080580151,KCg,KCg-m,8,10,Right
1100675497,KCg,KCg-m,9,10,Right
1101012503,KCg,KCg-m,9,6,Right
1101353948,KCg,KCg-m,6,6,Right
1108541296,KCab,KCab-m,5,6,Right
1109223365,KCab,KCab-m,6,6,Right
1108545599,KCab,KCab-s,6,6,Right
1109568528,KCab,KCab-s,7,7,Right
1110937445,KCg,KCg-m,9,10,Right
1110985490,KCg,KCg-m,8,9,Right
1127604950,KCg,KCg-d,0,0,Right
1111615136,KCa'b',KCa'b'-ap2,4,4,Right
1111278454,KCg,KCg-m,9,11,Right
1111947403,KCa'b',KCa'b'-ap1,2,1,Right
1139921468,KCab,KCab-m,5,6,Right
1139921865,KCab,KCab-m,7,7,Right
1129323248,KCg,KCg-m,13,15,Right
1141006088,KCg,KCg-m,8,10,Right
1130687130,KCab,KCab-s,5,8,Right
1140603698,KCab,KCab-s,5,7,Right
1141010036,KCg,KCg-m,8,9,Right
1140950118,KCg,KCg-m,7,7,Right
1141009899,KCg,KCg-m,9,10,Right
1141337518,KCg,KCg-m,11,11,Right
1141290695,KCg,KCg-m,10,12,Right
1141290835,KCg,KCg-m,8,7,Right
1141337663,KCg,KCg-m,10,12,Right
1141337757,KCg,KCg-m,9,10,Right
1141337629,KCg,KCg-m,8,8,Right
1141342260,KCg,KCg-m,8,10,Right
1141346308,KCg,KCg-m,8,9,Right
1141346217,KCg,KCg-m,10,16,Right
1141342299,KCg,KCg-m,9,9,Right
1141346462,KCg,KCg-m,11,11,Right
1141630854,KCg,KCg-m,8,9,Right
1141346472,KCg,KCg-m,5,3,Right
1141631240,KCg,KCg-m,10,10,Right
1141631198,KCg,KCg-m,10,9,Right
1141636055,KCg,KCg-m,8,8,Right
1141636389,KCg,KCg-m,12,11,Right
1141674495,KCg,KCg-m,8,10,Right
1141678637,KCg,KCg-m,8,7,Right
1141682748,KCg,KCg-m,8,10,Right
1141678931,KCg,KCg-m,8,9,Right
1141687352,KCg,KCg-m,6,8,Right
1141691881,KCg,KCg-m,6,7,Right
1141972202,KCg,KCg-m,8,8,Right
1141972158,KCg,KCg-m,10,10,Right
1141976953,KCg,KCg-m,11,9,Right
1142019868,KCg,KCg-m,4,5,Right
1141977014,KCg,KCg-m,12,12,Right
1142019878,KCg,KCg-s4,7,7,Right
1141977071,KCg,KCg-m,9,10,Right
1142024290,KCg,KCg-m,7,7,Right
1142019737,KCg,KCg-m,10,13,Right
1142356511,KCg,KCg-m,9,9,Right
1142360528,KCg,KCg-m,8,11,Right
1142658717,KCg,KCg-m,7,8,Right
1142028710,KCg,KCg-m,8,8,Right
1142706421,KCg,KCg-m,6,6,Right
1142994933,KCg,KCg-m,9,12,Right
1143332046,KCg,KCg-m,10,8,Right
1143677310,KCg,KCg-m,9,11,Right
1143340753,KCg,KCg-m,9,10,Right
1143686159,KCg,KCg-m,10,11,Right
1161731111,KCg,KCg-m,9,13,Right
1162063500,KCab,KCab-m,7,7,Right
1169657925,KCa'b',KCa'b'-ap1,4,6,Right
1164113870,KCg,KCg-m,9,10,Right
1165465632,KCg,KCg-m,9,8,Right
1169661785,KCa'b',KCa'b'-ap2,3,3,Right
1169999059,KCa'b',KCa'b'-ap1,2,4,Right
1170326256,KCa'b',KCa'b'-ap1,3,3,Right
1170335262,KCa'b',KCa'b'-ap1,3,4,Right
1170344185,KCa'b',KCa'b'-ap1,5,4,Right
1170667130,KCa'b',KCa'b'-ap1,3,8,Right
1170606692,KCab,KCab-s,6,6,Right
1170326295,KCa'b',KCa'b'-ap1,4,6,Right
1171617407,KCg,KCg-d,0,0,Right
1171704378,KCg,KCg-m,6,6,Right
1172372291,KCg,KCg-m,5,5,Right
1172363878,KCg,KCg-m,10,10,Right
1172053274,KCg,KCg-m,8,8,Right
1172385513,KCg,KCg-m,8,8,Right
1172044382,KCg,KCg-m,9,11,Right
1172372382,KCg,KCg-m,8,7,Right
1172713514,KCg,KCg-m,9,8,Right
1172670463,KCg,KCg-m,8,9,Right
1172704683,KCg,KCg-m,8,9,Right
1172665846,KCg,KCg-m,10,10,Right
1173054679,KCg,KCg-m,8,9,Right
1173016042,KCg,KCg-m,6,6,Right
1172730733,KCg,KCg-m,9,9,Right
1173063302,KCg,KCg-m,7,7,Right
1173347968,KCa'b',KCa'b'-ap2,3,3,Right
1173072129,KCg,KCg-m,11,10,Right
1173067651,KCg,KCg-m,7,7,Right
1173391076,KCg,KCg-m,10,9,Right
1173408617,KCg,KCg-m,8,8,Right
1172713521,KCg,KCg-s1(super),11,6,Right
1173732234,KCg,KCg-m,8,8,Right
1174008477,KCg,KCg-m,11,11,Right
1173745411,KCg,KCg-m,9,9,Right
1173745220,KCg,KCg-m,10,9,Right
1174077762,KCg,KCg-m,9,8,Right
1174384118,KCg,KCg-m,8,8,Right
1174712037,KCg,KCg-m,8,8,Right
1200351169,KCa'b',KCa'b'-ap2,4,6,Right
1200687913,KCa'b',KCa'b'-ap2,6,6,Right
1200683283,KCa'b',KCa'b'-ap2,4,4,Right
1200351200,KCa'b',KCa'b'-ap2,5,6,Right
1200700424,KCa'b',KCa'b'-ap2,5,5,Right
1201028519,KCa'b',KCa'b'-ap1,5,7,Right
1202060409,KCa'b',KCa'b'-ap1,3,3,Right
1201032707,KCa'b',KCa'b'-ap1,3,3,Right
1202410042,KCg,KCg-m,10,14,Right
1202673723,KCa'b',KCa'b'-ap2,3,5,Right
1203420037,KCg,KCg-m,9,11,Right
1203709763,KCa'b',KCa'b'-m,2,3,Right
1202737975,KCg,KCg-m,7,8,Right
1203433388,KCg,KCg-d,4,1,Right
1203424360,KCg,KCg-m,8,10,Right
1203779116,KCg,KCg-d,0,0,Right
1203774508,KCg,KCg-d,3,2,Right
1204076441,KCg,KCg-m,9,11,Right
1204124281,KCg,KCg-d,0,0,Right
1204443547,KCg,KCg-m,9,11,Right
1232654731,KCg,KCg-m,4,5,Right
1204447548,KCg,KCg-m,9,9,Right
1236816635,KCg,KCg-m,7,8,Right
1261989183,KCab,KCab-s,6,6,Right
1236073998,KCg,KCg-m,7,8,Right
1265157632,KCg,KCg-m,9,9,Right
1234472633,KCg,KCg-d,4,3,Right
1204784216,KCg,KCg-m,9,9,Right
1235115629,KCg,KCg-d,5,3,Right
1224137476,KCg,KCg-m,9,10,Right
1224137495,KCg,KCg-s3,7,5,Right
1234800242,KCg,KCg-m,8,11,Right
1267164975,KCg,KCg-m,11,12,Right
1265852784,KCg,KCg-d,7,6,Right
1233703950,KCab,KCab-s,7,6,Right
1234809285,KCg,KCg-d,0,0,Right
1231718414,KCa'b',KCa'b'-ap2,5,5,Right
1204775735,KCg,KCg-m,9,10,Right
1231735257,KCa'b',KCa'b'-ap2,3,3,Right
1267868586,KCg,KCg-d,4,4,Right
1268861712,KCg,KCg-d,0,0,Right
1297202769,KCg,KCg-m,10,10,Right
1313496027,KCa'b',KCa'b'-ap2,6,7,Right
1297556652,KCg,KCg-m,10,11,Right
1294465669,KCa'b',KCa'b'-ap2,3,5,Right
1327494939,KCab,KCab-s,5,5,Right
1327831724,KCa'b',KCa'b'-m,5,5,Right
1359212271,KCab,KCab-s,6,7,Right
1359553384,KCab,KCab-s,6,6,Right
1388585088,KCab,KCab-p,0,0,Right
1390618359,KCab,KCab-m,7,7,Right
1420306364,KCab,KCab-m,5,4,Right
1354411526,KCg,KCg-d,0,0,Right
1327831994,KCab,KCab-s,5,4,Right
1390942076,KCab,KCab-s,5,4,Right
1420966843,KCab,KCab-s,6,5,Right
1420651734,KCab,KCab-m,6,6,Right
1421666260,KCab,KCab-m,5,5,Right
1392655948,KCg,KCg-t,8,8,Right
1449670372,KCab,KCab-s,5,5,Right
1450011431,KCab,KCab-c,5,7,Right
1451695303,KCab,KCab-m,6,5,Right
5812979015,KCg,KCg-m,8,9,Right
1515418525,KCa'b',KCa'b'-m,4,5,Right
5812979119,KCg,KCg-d,0,0,Right
5812979069,KCg,KCg-m,8,8,Right
5812979133,KCg,KCg-m,9,9,Right
5812979121,KCg,KCg-t,7,10,Right
5812979175,KCg,KCg-m,7,7,Right
5812979176,KCg,KCg-m,7,8,Right
5812979128,KCg,KCg-m,10,11,Right
5812979177,KCg,KCg-m,8,8,Right
5812979187,KCg,KCg-m,9,9,Right
5812979188,KCg,KCg-m,9,9,Right
5812979191,KCg,KCg-m,7,7,Right
5812979197,KCg,KCg-m,10,9,Right
5812979326,KCg,KCg-m,9,8,Right
5812979314,KCg,KCg-d,1,1,Right
5812979531,KCg,KCg-d,5,1,Right
5812979408,KCg,KCg-m,7,9,Right
5812979371,KCg,KCg-m,7,7,Right
5812980179,KCab,KCab-s,6,6,Right
5812980192,KCab,KCab-m,3,3,Right
5812980209,KCab,KCab-m,5,6,Right
5812980207,KCab,KCab-m,6,5,Right
5812980212,KCab,KCab-m,4,5,Right
5812980219,KCab,KCab-m,6,7,Right
5812980220,KCab,KCab-c,4,5,Right
5812980222,KCab,KCab-m,7,8,Right
5812980351,KCab,KCab-s,5,4,Right
5812980370,KCab,KCab-c,4,5,Right
5812980369,KCab,KCab-m,4,4,Right
5812980376,KCab,KCab-m,3,4,Right
5812980378,KCab,KCab-s,4,5,Right
5812980379,KCab,KCab-c,1,2,Right
5812980393,KC part due to gap,KC part due to gap,4,7,Right
5812980386,KCg,KCg-m,8,8,Right
5812980395,KCab,KCab-m,6,5,Right
5812980397,KCab,KCab-s,9,7,Right
5812980398,KCab,KCab-s,6,7,Right
5812980404,KCab,KCab-s,7,8,Right
5812980410,KCab,KCab-m,4,4,Right
5812980408,KCab,KCab-s,5,5,Right
5812980432,KCab,KCab-c,4,5,Right
5812980414,KCab,KCab-m,4,4,Right
5812980425,KCab,KCab-s,6,8,Right
5812980426,KCab,KCab-s,6,8,Right
5812980438,KCab,KCab-m,6,4,Right
5812980428,KCab,KCab-s,6,7,Right
5812980444,KCab,KCab-s,8,8,Right
5812980448,KCab,KCab-c,4,4,Right
5812980537,KCg,KCg-m,10,10,Right
5812980555,KCab,KCab-s,4,4,Right
5812980446,KCab,KCab-m,4,5,Right
5812980561,KCab,KCab-m,5,5,Right
5812980557,KCab,KCab-m,6,6,Right
5812980569,KCab,KCab-c,6,6,Right
5812980580,KCg,KCg-m,9,10,Right
5812980588,KCg,KCg-m,8,7,Right
5812980579,KCg,KCg-m,10,11,Right
5812980590,KCab,KCab-c,4,5,Right
5812980593,KCab,KCab-m,5,5,Right
5812980594,KCab,KCab-c,5,8,Right
5812980599,KCab,KCab-m,7,8,Right
5812980597,KCab,KCab-c,3,4,Right
5812980600,KCab,KCab-c,4,4,Right
5812980611,KCab,KCab-s,4,4,Right
5812980615,KCab,KCab-m,6,4,Right
5812980618,KCab,KCab-s,4,5,Right
5812980624,KCab,KCab-m,5,5,Right
5812980787,KCab,KCab-m,7,7,Right
5812980638,KCg,KCg-m,9,9,Right
5812980802,KCab,KCab-c,5,6,Right
5812980799,KCab,KCab-c,3,4,Right
5812980796,KCg,KCg-m,11,11,Right
5812980806,KCab,KCab-m,6,5,Right
5812980803,KCab,KCab-c,2,2,Right
5812980813,KCg,KCg-m,9,10,Right
5812980811,KCab,KCab-s,6,7,Right
5812980892,KCab,KCab-m,5,4,Right
5812980934,KCg,KCg-m,8,8,Right
5812980940,KCab,KCab-p,0,0,Right
5812980931,KCab,KCab-s,7,6,Right
5812980944,KCab,KCab-s,6,6,Right
5812980992,KCg,KCg-m,9,8,Right
5812980965,KCab,KCab-c,6,8,Right
5812980973,KCg,KCg-m,9,8,Right
5812981038,KCg,KCg-m,7,6,Right
5812980947,KCab,KCab-m,7,6,Right
5812981039,KCab,KCab-m,4,4,Right
5812981042,KCab,KCab-m,5,5,Right
5812981046,KCg,KCg-t,4,3,Right
5812981068,KCa'b',KCa'b'-ap2,7,7,Right
5812981071,KCa'b',KCa'b'-m,4,6,Right
5812981072,KCa'b',KCa'b'-m,4,5,Right
5812981109,KCab,KCab-c,4,4,Right
5812981086,KCab,KCab-s,7,6,Right
5812981106,KCab,KCab-s,7,8,Right
5812981104,KCab,KCab-m,6,5,Right
5812981127,KCab,KCab-m,5,5,Right
5812981142,KCg,KCg-m,9,8,Right
5812981148,KCg,KCg-m,9,10,Right
5812981141,KCg,KCg-m,9,8,Right
5812981136,KCab,KCab-s,5,4,Right
5812981160,KCg,KCg-m,10,12,Right
5812981154,KCg,KCg-m,8,9,Right
5812981153,KCg,KCg-m,9,9,Right
5812979016,KCg,KCg-m,6,9,Right
5812981164,KCa'b',KCa'b'-ap1,3,4,Right
5812981227,KCg,KCg-m,9,9,Right
5812981270,KCa'b',KCa'b'-ap2,4,4,Right
5812981275,KCa'b',KCa'b'-ap2,2,3,Right
5812981274,KCa'b',KCa'b'-ap2,6,6,Right
5812981277,KCa'b',KCa'b'-ap2,4,4,Right
5812981279,KCa'b',KCa'b'-ap2,7,7,Right
5812981290,KCa'b',KCa'b'-ap2,3,3,Right
5812981308,KCa'b',KCa'b'-m,3,4,Right
5812981318,KCa'b',KCa'b'-ap2,3,3,Right
5812981320,KCa'b',KCa'b'-ap2,6,6,Right
5812981322,KCa'b',KCa'b'-ap2,5,6,Right
5812981332,KCa'b',KCa'b'-ap1,3,3,Right
5812981327,KCa'b',KCa'b'-ap2,6,6,Right
5812981333,KCa'b',KCa'b'-ap2,5,5,Right
5812981339,KCa'b',KCa'b'-ap1,4,5,Right
5812981340,KCa'b',KCa'b'-ap1,4,4,Right
5812981341,KCa'b',KCa'b'-ap1,4,6,Right
5812981348,KCa'b',KCa'b'-ap1,3,3,Right
5812981361,KCa'b',KCa'b'-ap2,4,5,Right
5812981390,KCab,KCab-m,7,7,Right
5812981379,KCab,KCab-s,6,6,Right
5812981399,KCa'b',KCa'b'-m,4,4,Right
5812981400,KCa'b',KCa'b'-m,5,6,Right
5812981373,KCa'b',KCa'b'-ap2,6,5,Right
5812981441,KCg,KCg-m,8,8,Right
5812981553,KCa'b',KCa'b'-m,4,4,Right
5812981401,KCa'b',KCa'b'-m,7,6,Right
5812981432,KCg,KCg-m,10,10,Right
5812981467,KCg,KCg-m,7,7,Right
5812981563,KCa'b',KCa'b'-ap2,7,7,Right
5812981564,KCa'b',KCa'b'-m,3,5,Right
5812981569,KCa'b',KCa'b'-m,4,4,Right
5812981581,KCa'b',KCa'b'-ap2,6,6,Right
5812981570,KCa'b',KCa'b'-m,3,4,Right
5812981578,KCa'b',KCa'b'-m,6,7,Right
5812981590,KCa'b',KCa'b'-m,4,5,Right
5812981586,KCa'b',KCa'b'-ap2,3,3,Right
5812981582,KCa'b',KCa'b'-ap2,5,5,Right
5812981602,KCa'b',KCa'b'-ap2,4,4,Right
5812981607,KCab,KCab-s,7,7,Right
5812981616,KCg,KCg-m,11,10,Right
5812981618,KCab,KCab-s,5,7,Right
5812981643,KCab,KCab-p,3,3,Right
5812981654,KCab,KCab-c,5,5,Right
5812981667,KCab,KCab-m,5,5,Right
5812981669,KCab,KCab-m,3,3,Right
5812981670,KCab,KCab-s,8,8,Right
5812981671,KCab,KCab-m,9,9,Right
5812981676,KCab,KCab-s,7,6,Right
5812981679,KCab,KCab-s,7,7,Right
5812981673,KCab,KCab-s,7,7,Right
5812981689,KCa'b',KCa'b'-m,5,5,Right
5812981680,KCab,KCab-p,0,0,Right
5812981690,KCab,KCab-m,5,6,Right
5812981702,KCg,KCg-m,8,11,Right
5812981703,KCg,KCg-m,11,10,Right
5812981704,KCg,KCg-m,11,11,Right
5812981706,KCg,KCg-m,12,12,Right
5812981796,KCa'b',KCa'b'-m,6,5,Right
5812981717,KCg,KCg-m,9,9,Right
5812981797,KCa'b',KCa'b'-m,5,6,Right
5812981800,KCa'b',KCa'b'-m,6,8,Right
5812981816,KCa'b',KCa'b'-m,5,5,Right
5812981924,KCg,KCg-m,9,9,Right
5812981858,KCa'b',KCa'b'-ap1,5,10,Right
5812981853,KCab,KCab-m,6,6,Right
5812981944,KCab,KCab-s,5,5,Right
5812981932,KCg,KCg-m,10,13,Right
5812981943,KCab,KCab-s,5,6,Right
5812981947,KC part due to gap,KC part due to gap,5,8,Right
5812981950,KCab,KCab-m,7,8,Right
5812981951,KCg,KCg-m,9,9,Right
5812981961,KCa'b',KCa'b'-ap2,5,5,Right
5812981960,KCa'b',KCa'b'-m,6,5,Right
5812981965,KCab,KCab-c,3,5,Right
5812981962,KC part due to gap,KC part due to gap,5,7,Right
5812981970,KCab,KCab-c,2,7,Right
5812981971,KCab,KCab-s,6,5,Right
5812981978,KCa'b',KCa'b'-m,5,5,Right
5812982000,KCg,KCg-m,10,9,Right
5812981986,KCg,KCg-m,10,12,Right
5812981989,KCg,KCg-t,7,7,Right
5812982012,KCab,KCab-m,6,5,Right
5812982011,KCy(half),KCy(half),15,15,Right
5812982086,KCa'b',KCa'b'-m,3,4,Right
5812981990,KCg,KCg-m,8,7,Right
5812982088,KCa'b',KCa'b'-m,4,4,Right
5812982087,KCa'b',KCa'b'-m,4,4,Right
5812982017,KCg,KCg-m,9,12,Right
5812982149,KCa'b',KCa'b'-m,6,8,Right
5812982154,KCg,KCg-m,9,8,Right
5812982145,KCa'b',KCa'b'-m,5,4,Right
5812982162,KCab,KCab-m,6,6,Right
5812982168,KCg,KCg-m,10,11,Right
5812982200,KC part due to gap,KC part due to gap,1,2,Right
5812982177,KCab,KCab-m,5,6,Right
5812982198,KC part due to gap,KC part due to gap,4,4,Right
5812982192,KCab,KCab-m,5,6,Right
5812982204,KCab,KCab-c,5,6,Right
5812982205,KCg,KCg-m,9,10,Right
5812982211,KCab,KCab-m,4,4,Right
5812982220,KCg,KCg-m,8,9,Right
5812982252,KCg,KCg-m,6,7,Right
5812982316,KCab,KCab-m,4,5,Right
5812982216,KCg,KCg-m,12,11,Right
5812982328,KCg,KCg-m,12,11,Right
5812982273,KCg,KCg-m,9,9,Right
5812982329,KCa'b',KCa'b'-m,5,5,Right
5812982372,KCab,KCab-m,8,7,Right
5812982374,KCab,KCab-s,6,6,Right
5812982389,KCab,KCab-m,5,5,Right
5812982421,KCg,KCg-m,9,9,Right
5812982390,KCab,KCab-m,7,7,Right
5812982371,KCg,KCg-m,7,8,Right
5812982388,KCab,KCab-m,8,8,Right
5812982397,KCa'b',KCa'b'-m,4,4,Right
5812982422,KCg,KCg-m,10,10,Right
5812982403,KCg,KCg-m,8,7,Right
5812982350,KCa'b',KCa'b'-ap1,3,6,Right
5812982420,KCg,KCg-m,9,10,Right
5812982426,KCab,KCab-m,5,5,Right
5812982430,KC part due to gap,KC part due to gap,2,2,Right
5812982429,KCa'b',KCa'b'-m,7,8,Right
5812982470,KCab,KCab-m,6,7,Right
5812982466,KCab,KCab-s,5,6,Right
5812982490,KCab,KCab-s,5,4,Right
5812982521,KCab,KCab-c,5,7,Right
5812982520,KCab,KCab-c,6,6,Right
5812982506,KCg,KCg-m,8,9,Right
5812982530,KCg,KCg-m,9,9,Right
5812982514,KCab,KCab-s,4,5,Right
5812982471,KCab,KCab-s,5,6,Right
5812982529,KCg,KCg-m,9,10,Right
5812982442,KCg,KCg-m,6,5,Right
5812982532,KCg,KCg-m,8,11,Right
5812982492,KCg,KCg-m,9,9,Right
5812982505,KCg,KCg-m,8,8,Right
5812982436,KCg,KCg-m,9,9,Right
5812982547,KCg,KCg-t,5,5,Right
5812982437,KCg,KCg-m,10,13,Right
5812982556,KCg,KCg-d,0,0,Right
5812982578,KCg,KCg-m,9,9,Right
5812982577,KCg,KCg-m,9,9,Right
5812981619,KCab,KCab-m,5,5,Right
5812982562,KCg,KCg-m,9,11,Right
5812982602,KCg,KCg-m,9,11,Right
5812982620,KCg,KCg-m,9,8,Right
5812982589,KCg,KCg-m,8,8,Right
5812982579,KCa'b',KCa'b'-ap1,4,4,Right
5812982692,KCa'b',KCa'b'-m,4,4,Right
5812982610,KCg,KCg-m,10,8,Right
5812982594,KCg,KCg-m,8,9,Right
5812982694,KCa'b',KCa'b'-m,3,4,Right
5812982706,KCa'b',KCa'b'-m,5,6,Right
5812982760,KCab,KCab-c,5,8,Right
5812982725,KCa'b',KCa'b'-m,4,4,Right
5812982761,KCab,KCab-m,7,6,Right
5812982795,KC part due to gap,KC part due to gap,4,5,Right
5812982802,KCab,KCab-s,7,7,Right
5812982782,KCab,KCab-p,0,0,Right
5812982766,KCg,KCg-m,12,13,Right
5812982803,KCg,KCg-m,5,5,Right
5812982823,KCa'b',KCa'b'-ap1,3,5,Right
5812982826,KCg,KCg-d,2,1,Right
5812982825,KCg,KCg-m,10,10,Right
5812982837,KCg,KCg-m,11,11,Right
5812982872,KCg,KCg-m,8,8,Right
5812982871,KCg,KCg-m,9,10,Right
5812982874,KCg,KCg-t,7,8,Right
5812982876,KCg,KCg-m,8,8,Right
5812982875,KCg,KCg-m,9,10,Right
5812982925,KCa'b',KCa'b'-ap2,5,5,Right
5812982999,KCg,KCg-m,10,10,Right
5812982832,KCg,KCg-m,9,12,Right
5812983023,KCab,KCab-m,6,7,Right
5812983009,KCg,KCg-m,8,9,Right
5812983012,KCab,KCab-s,3,4,Right
5812983028,KCab,KCab-m,5,6,Right
5812983003,KCg,KCg-m,7,8,Right
5812983038,KCab,KCab-m,5,5,Right
5812983043,KCg,KCg-m,8,7,Right
5812983042,KCg,KCg-m,9,10,Right
5812983106,KCab,KCab-m,4,5,Right
5812983101,KCg,KCg-m,9,9,Right
5812983107,KCab,KCab-m,4,4,Right
5812983112,KCa'b',KCa'b'-m,4,5,Right
5812983114,KCab,KCab-s,6,6,Right
5812983133,KCab,KCab-c,5,6,Right
5812983147,KCg,KCg-m,11,9,Right
5812983166,KCab,KCab-c,6,6,Right
5812983152,KCg,KCg-m,10,11,Right
5812983206,KCab,KCab-m,4,4,Right
5812983174,KCa'b',KCa'b'-m,4,4,Right
5812983192,KCg,KCg-m,9,9,Right
5812983200,KCg,KCg-m,9,9,Right
5812983213,KCab,KCab-s,6,7,Right
5812983272,KCab,KCab-m,6,6,Right
5812983268,KCab,KCab-s,5,6,Right
5812983309,KCab,KCab-c,4,4,Right
5812983302,KCab,KCab-c,6,8,Right
5812983131,KCab,KCab-m,5,6,Right
5812983319,KCab,KCab-c,3,6,Right
5812983321,KCg,KCg-m,7,5,Right
5812983330,KCg,KCg-m,8,8,Right
5812983303,KCab,KCab-s,4,4,Right
5812983328,KCab,KCab-c,6,7,Right
5812983322,KCg,KCg-m,9,9,Right
5812983323,KCg,KCg-m,6,6,Right
5812983310,KCg,KCg-m,10,12,Right
5812983337,KCg,KCg-m,5,6,Right
5812983345,KCab,KCab-m,5,5,Right
5812983429,KC part due to gap,KC part due to gap,2,1,Right
5812983346,KCab,KCab-m,5,5,Right
5812983427,KCab,KCab-c,4,6,Right
5812983423,KCab,KCab-m,6,7,Right
5812983451,KCa'b',KCa'b'-ap2,3,3,Right
5812983454,KCab,KCab-s,4,5,Right
5812983569,KCa'b',KCa'b'-ap2,2,2,Right
5812983455,KCab,KCab-m,7,6,Right
5812983544,KCa'b',KCa'b'-ap2,6,5,Right
5812983579,KCab,KCab-c,4,4,Right
5812983575,KCab,KCab-c,3,3,Right
5812983576,KCab,KCab-c,4,3,Right
5812983578,KCab,KCab-c,4,7,Right
5812983571,KCa'b',KCa'b'-ap1,3,5,Right
5812983608,KCab,KCab-c,6,6,Right
5812983645,KCa'b',KCa'b'-ap1,2,4,Right
5812983646,KCa'b',KCa'b'-ap1,3,5,Right
5812983657,KCg,KCg-m,7,9,Right
5812983745,KCab,KCab-c,2,3,Right
5812983658,KCg,KCg-m,8,8,Right
5812983673,KCg,KCg-m,9,11,Right
5812983869,KCa'b',KCa'b'-ap2,5,6,Right
5812983861,KCab,KCab-m,6,6,Right
5812983866,KCa'b',KCa'b'-m,3,4,Right
5812983851,KCab,KCab-m,6,6,Right
5812983898,KCa'b',KCa'b'-ap2,6,7,Right
5812983871,KCa'b',KCa'b'-ap2,3,3,Right
5812983903,KCa'b',KCa'b'-ap1,4,5,Right
5812983899,KCa'b',KCa'b'-ap2,5,4,Right
5812984045,KCa'b',KCa'b'-ap2,5,7,Right
5813010617,KCab,KCab-p,0,0,Right
5812987762,KCg,KCg-m,9,8,Right
5812989173,KCg,KCg-m,10,11,Right
5813011555,KCab,KCab-m,5,4,Right
5813019763,KCab,KCab-s,7,8,Right
5813019609,KCab,KCab-s,5,5,Right
5813019770,KCab,KCab-c,5,5,Right
5813019774,KCab,KCab-c,7,10,Right
5813019772,KCab,KCab-c,6,5,Right
5813019779,KCg,KCg-m,11,10,Right
5813019801,KCg,KCg-m,8,9,Right
5813019982,KCg,KCg-m,9,9,Right
5813019917,KCg,KCg-m,9,10,Right
5813020046,KCa'b',KCa'b'-ap2,4,5,Right
5813020047,KCa'b',KCa'b'-ap2,7,7,Right
5813020041,KCa'b',KCa'b'-ap1,4,4,Right
5813020057,KCa'b',KCa'b'-ap2,6,6,Right
5813020052,KCa'b',KCa'b'-ap2,2,3,Right
5813020061,KCa'b',KCa'b'-ap1,3,6,Right
5813020089,KCg,KCg-m,9,8,Right
5813020831,KCab,KCab-s,6,7,Right
5813020830,KCab,KCab-m,5,7,Right
5813020274,KCab,KCab-m,5,5,Right
5813021019,KCab,KCab-m,5,5,Right
5813021016,KCab,KCab-c,5,5,Right
5813020271,KCa'b',KCa'b'-ap2,4,5,Right
5813020132,KCg,KCg-m,9,9,Right
5813021017,KCab,KCab-c,5,5,Right
5813021023,KCab,KCab-c,6,5,Right
5813021135,KCab,KCab-c,4,4,Right
5813021174,KCa'b',KCa'b'-m,4,4,Right
5813021183,KC part due to gap,KC part due to gap,4,4,Right
5813021263,KCab,KCab-s,6,6,Right
5813021251,KCab,KCab-s,7,8,Right
5813021273,KCg,KCg-m,10,9,Right
5813021277,KCab,KCab-m,6,5,Right
5813021275,KCg,KCg-m,9,10,Right
5813021289,KCg,KCg-m,11,10,Right
5813021292,KCab,KCab-c,5,7,Right
5813021294,KCg,KCg-m,10,10,Right
5813021296,KCg,KCg-m,9,9,Right
5813021301,KCab,KCab-s,7,7,Right
5813021304,KCab,KCab-s,7,6,Right
5813021303,KCab,KCab-s,7,6,Right
5813021311,KCab,KCab-m,7,7,Right
5813021313,KCab,KCab-m,6,5,Right
5813021312,KCab,KCab-m,3,3,Right
5813021314,KCab,KCab-m,6,6,Right
5813021316,KCab,KCab-c,8,8,Right
5813021315,KCab,KCab-m,3,3,Right
5813021319,KCab,KCab-m,8,8,Right
5813021326,KCab,KCab-m,8,7,Right
5813021341,KCg,KCg-m,8,8,Right
5813021379,KCg,KCg-m,9,9,Right
5813021363,KCg,KCg-m,10,9,Right
5813021332,KCg,KCg-m,11,10,Right
5813021386,KCab,KCab-s,5,5,Right
5813021382,KCg,KCg-m,12,12,Right
5813021397,KCab,KCab-c,7,7,Right
5813021380,KCg,KCg-m,10,10,Right
5813021399,KCab,KCab-s,5,5,Right
5813021400,KCab,KCab-m,5,6,Right
5813021401,KCab,KCab-s,7,7,Right
5813021404,KCab,KCab-m,6,5,Right
5813021411,KCab,KCab-c,5,7,Right
5813021417,KC part due to gap,KC part due to gap,5,7,Right
5813021415,KCg,KCg-m,10,11,Right
5813021446,KCab,KCab-c,2,3,Right
5813021441,KCab,KCab-m,6,6,Right
5813021447,KCab,KCab-c,6,5,Right
5813021449,KCab,KCab-m,5,7,Right
5813021452,KCg,KCg-m,9,7,Right
5813021474,KC part due to gap,KC part due to gap,5,7,Right
5813021463,KCab,KCab-m,5,4,Right
5813021464,KCab,KCab-s,4,5,Right
5813021471,KCab,KCab-c,6,7,Right
5813021647,KCab,KCab-m,6,5,Right
5813021465,KCab,KCab-m,6,6,Right
5813021642,KCa'b',KCa'b'-m,7,7,Right
5813021645,KCa'b',KCa'b'-m,5,7,Right
5813021736,KCa'b',KCa'b'-ap2,5,6,Right
5813021748,KCa'b',KCa'b'-ap2,5,6,Right
5813021469,KCg,KCg-m,7,8,Right
5813021659,KCg,KCg-m,10,10,Right
5813021772,KCa'b',KCa'b'-m,6,6,Right
5813021766,KCa'b',KCa'b'-ap2,5,7,Right
5813021778,KCa'b',KCa'b'-m,3,4,Right
5813021781,KCa'b',KCa'b'-ap2,7,6,Right
5813021786,KCa'b',KCa'b'-m,5,6,Right
5813021779,KCa'b',KCa'b'-ap2,5,5,Right
5813021799,KCa'b',KCa'b'-ap2,5,6,Right
5813021792,KCa'b',KCa'b'-m,3,5,Right
5813021805,KCa'b',KCa'b'-ap1,5,5,Right
5813021806,KCa'b',KCa'b'-ap2,4,4,Right
5813021808,KCa'b',KCa'b'-ap1,2,3,Right
5813021809,KCa'b',KCa'b'-ap1,4,6,Right
5813021822,KCa'b',KCa'b'-ap1,3,5,Right
5813021812,KCa'b',KCa'b'-ap1,5,5,Right
5813021848,KCa'b',KCa'b'-ap2,5,5,Right
5813021856,KCa'b',KCa'b'-ap1,5,7,Right
5813021989,KCab,KCab-c,4,4,Right
5813021865,KCg,KCg-m,11,10,Right
5813021999,KCab,KCab-c,8,8,Right
5813022037,KCa'b',KCa'b'-ap1,4,8,Right
5813022060,KCg,KCg-m,12,14,Right
5813022049,KCab,KCab-m,5,7,Right
5813022042,KCab,KCab-c,6,6,Right
5813022050,KCab,KCab-c,4,6,Right
5813022054,KCab,KCab-m,6,6,Right
5813022117,KCa'b',KCa'b'-ap2,6,6,Right
5813022175,KCab,KCab-m,8,8,Right
5813022119,KCg,KCg-m,8,8,Right
5813022133,KCg,KCg-m,10,10,Right
5813022203,KCg,KCg-m,9,11,Right
5813022207,KCg,KCg-m,9,10,Right
5813022212,KCab,KCab-s,7,7,Right
5813022232,KCg,KCg-d,0,0,Right
5813022239,KCg,KCg-d,1,1,Right
5813022352,KCg,KCg-m,8,10,Right
5813022210,KCg,KCg-m,8,8,Right
5813027584,KCab,KCab-m,6,6,Right
5813027704,KCg,KCg-m,9,10,Right
5813027400,KCg,KCg-m,9,13,Right
5813027460,KCg,KCg-m,7,10,Right
5813021832,KCa'b',KCa'b'-m,4,4,Right
5813032245,KCab,KCab-c,5,5,Right
5813032541,KCg,KCg-m,7,7,Right
5813032552,KCg,KCg-m,5,6,Right
5813032554,KCg,KCg-d,0,0,Right
5813032694,KCab,KCab-m,5,4,Right
5813032734,KCab,KCab-m,7,5,Right
5813032702,KCab,KCab-c,6,5,Right
5813032782,KCg,KCg-m,12,14,Right
5813032759,KCab,KCab-m,5,5,Right
5813032868,KCa'b',KCa'b'-ap2,4,6,Right
5813032887,KCa'b',KCa'b'-ap1,4,4,Right
5813032876,KCa'b',KCa'b'-ap1,4,6,Right
5813032896,KCa'b',KCa'b'-ap2,6,7,Right
5813032811,KCa'b',KCa'b'-m,3,3,Right
5813032946,KCab,KCab-c,5,6,Right
5813032874,KCa'b',KCa'b'-ap2,2,4,Right
5813032900,KCa'b',KCa'b'-ap2,5,6,Right
5813033009,KCab,KCab-s,6,7,Right
5813033059,KCg,KCg-m,9,11,Right
5813032967,KCg,KCg-m,8,8,Right
5813033012,KCg,KCg-m,11,10,Right
5813033127,KCa'b',KCa'b'-ap2,3,4,Right
5813033065,KCg,KCg-m,11,11,Right
5813033086,KCg,KCg-d,0,0,Right
5813033259,KCab,KCab-c,4,4,Right
5813032771,KCg,KCg-s2(super),21,62,Right
5813033226,KCg,KCg-m,9,8,Right
5813033208,KCa'b',KCa'b'-ap2,4,4,Right
5813033144,KCg,KCg-m,9,10,Right
5813033267,KCab,KCab-m,4,5,Right
5813033277,KCab,KCab-m,4,5,Right
5813035267,KCa'b',KCa'b'-ap1,4,4,Right
5813035318,KC part due to gap,KC part due to gap,2,2,Right
5813035613,KCa'b',KCa'b'-ap1,3,4,Right
5813035612,KCg,KCg-m,10,10,Right
5813035558,KCab,KCab-s,8,8,Right
5813040887,KC part due to gap,KC part due to gap,4,5,Right
5813040892,KC part due to gap,KC part due to gap,3,4,Right
5813053821,KCg,KCg-m,9,10,Right
5813047676,KCa'b',KCa'b'-ap2,4,5,Right
5813047790,KCa'b',KCa'b'-ap1,5,5,Right
5813050820,KCab,KCab-m,5,5,Right
5813049834,KCa'b',KCa'b'-ap1,2,2,Right
5813047220,KCa'b',KCa'b'-m,5,5,Right
5813047221,KCa'b',KCa'b'-m,4,5,Right
5813050765,KCa'b',KCa'b'-ap2,5,6,Right
5813040171,KCg,KCg-m,10,10,Right
5813042616,KCab,KCab-m,5,6,Right
5813053878,KCg,KCg-m,10,8,Right
5813041206,KCg,KCg-m,11,13,Right
5813050818,KCab,KCab-m,4,4,Right
5813047662,KCg,KCg-m,10,11,Right
5813053886,KCg,KCg-m,11,12,Right
5813054342,KCab,KCab-s,7,6,Right
5813053885,KCg,KCg-m,12,9,Right
5813054343,KCab,KCab-s,4,4,Right
5813053935,KCg,KCg-m,6,6,Right
5813055889,KCab,KCab-s,5,7,Right
5813053888,KCg,KCg-m,10,10,Right
5813054085,KCg,KCg-m,7,8,Right
5813055923,KCg,KCg-m,11,13,Right
5813056110,KCab,KCab-m,8,6,Right
5813054086,KCg,KCg-m,10,10,Right
5813056120,KCg,KCg-m,9,9,Right
5813053937,KCg,KCg-m,10,11,Right
5813056234,KCab,KCab-m,7,6,Right
5813055914,KCab,KCab-s,6,7,Right
5813056299,KCa'b',KCa'b'-m,6,7,Right
5813056309,KCg,KCg-m,7,6,Right
5813056121,KCg,KCg-m,9,9,Right
5813056327,KCa'b',KCa'b'-m,5,5,Right
5813056313,KCa'b',KCa'b'-ap2,6,6,Right
5813056307,KCa'b',KCa'b'-m,4,5,Right
5813056372,KCa'b',KCa'b'-m,4,4,Right
5813056355,KCab,KCab-s,7,7,Right
5813056390,KCa'b',KCa'b'-ap2,4,4,Right
5813056305,KCa'b',KCa'b'-m,8,8,Right
5813056300,KCa'b',KCa'b'-ap2,4,5,Right
5813056311,KCg,KCg-m,9,10,Right
5813055924,KCg,KCg-m,10,9,Right
5813056383,KCg,KCg-m,8,8,Right
5813055916,KCab,KCab-c,4,4,Right
5813056414,KCg,KCg-m,8,8,Right
5813056395,KCab,KCab-m,5,6,Right
5813054643,KCab,KCab-m,5,5,Right
5813057187,KCab,KCab-s,7,5,Right
5813057191,KCg,KCg-m,10,8,Right
5813057213,KCab,KCab-m,8,7,Right
5813057227,KCa'b',KCa'b'-m,5,6,Right
5813057239,KCa'b',KCa'b'-m,4,5,Right
5813057210,KCg,KCg-m,8,9,Right
5813057573,KCab,KCab-c,6,6,Right
5813057468,KCg,KCg-m,8,8,Right
5813057869,KCg,KCg-m,7,9,Right
5813057956,KCg,KCg-m,9,9,Right
5813057942,KCa'b',KCa'b'-m,4,5,Right
5813057867,KCa'b',KCa'b'-ap1,4,4,Right
5813058106,KCab,KCab-m,4,4,Right
5813058069,KCab,KCab-m,7,6,Right
5813058215,KCa'b',KCa'b'-ap2,3,4,Right
5813059951,KCa'b',KCa'b'-ap2,5,7,Right
5813060614,KCab,KCab-s,5,6,Right
5813060774,KCa'b',KCa'b'-ap2,6,6,Right
5813061044,KCab,KCab-c,6,7,Right
5813060799,KCg,KCg-m,11,11,Right
5813060811,KCg,KCg-m,8,9,Right
5813060776,KCa'b',KCa'b'-ap2,4,5,Right
5813060812,KCg,KCg-m,9,10,Right
5813060798,KCg,KCg-m,8,6,Right
5813061625,KCab,KCab-m,8,8,Right
5813061597,KCa'b',KCa'b'-ap1,3,6,Right
5813060663,KCg,KCg-m,9,10,Right
5813062565,KCa'b',KCa'b'-ap1,4,4,Right
5813062617,KCg,KCg-m,9,12,Right
5813062631,KCg,KCg-m,11,10,Right
5813062637,KCg,KCg-m,10,9,Right
5813062645,KCg,KCg-m,6,9,Right
5813062830,KCab,KCab-c,6,6,Right
5813062842,KCa'b',KCa'b'-m,4,4,Right
5813062850,KCab,KCab-s,5,5,Right
5813063140,KCa'b',KCa'b'-m,4,4,Right
5813062862,KCg,KCg-m,10,10,Right
5813063449,KCab,KCab-c,4,5,Right
5813063229,KCab,KCab-s,5,5,Right
5813063527,KCa'b',KCa'b'-m,4,4,Right
5813063224,KCa'b',KCa'b'-ap2,3,4,Right
5813064427,KCa'b',KCa'b'-ap1,4,4,Right
5813064793,KCg,KCg-m,10,9,Right
5813065308,KCab,KCab-m,5,5,Right
5813065443,KCab,KCab-s,4,4,Right
5813067761,KCab,KCab-m,5,5,Right
5813067736,KCab,KCab-m,5,4,Right
5813067779,KCab,KCab-s,6,6,Right
5813067765,KCg,KCg-m,10,11,Right
5813067795,KCg,KCg-m,9,11,Right
5813067833,KCg,KCg-m,12,13,Right
5813067817,KCg,KCg-m,7,7,Right
5813067826,KCg,KCg-d,7,7,Right
5813067793,KCg,KCg-m,6,10,Right
5813067792,KCg,KCg-m,10,14,Right
5813067858,KCa'b',KCa'b'-ap2,6,6,Right
5813067869,KCab,KCab-m,5,6,Right
5813068687,KCa'b',KCa'b'-m,6,5,Right
5813067836,KCab,KCab-m,6,6,Right
5813068690,KCa'b',KCa'b'-m,6,6,Right
5813068692,KCa'b',KCa'b'-ap2,4,4,Right
5813068743,KCab,KCab-s,7,7,Right
5813068969,KCg,KCg-m,9,9,Right
5813068752,KCa'b',KCa'b'-m,5,5,Right
5813069096,KCg,KCg-m,10,10,Right
5813069114,KCab,KCab-s,5,5,Right
5813068984,KCa'b',KCa'b'-ap1,4,6,Right
5813069379,KCa'b',KCa'b'-ap2,3,4,Right
5813069792,KCg,KCg-m,9,12,Right
5813069385,KCa'b',KCa'b'-m,5,6,Right
5813071406,KCab,KCab-m,6,6,Right
5813070672,KCg,KCg-m,8,9,Right
5813070581,KCg,KCg-m,10,12,Right
5813075855,KCg,KCg-m,11,13,Right
5813077572,KCg,KCg-m,6,7,Right
5813077579,KCa'b',KCa'b'-ap2,3,3,Right
5813077582,KCa'b',KCa'b'-ap2,5,5,Right
5813077583,KCa'b',KCa'b'-ap2,4,6,Right
5813077611,KCg,KCg-m,10,10,Right
5813077613,KCg,KCg-m,9,9,Right
5813077616,KCab,KCab-s,6,7,Right
5813078323,KCa'b',KCa'b'-ap1,2,3,Right
5813078179,KCa'b',KCa'b'-ap2,3,4,Right
5813077610,KCg,KCg-m,11,13,Right
5813078064,KCa'b',KCa'b'-m,6,6,Right
5813078507,KCab,KCab-s,7,5,Right
5813078499,KCa'b',KCa'b'-m,3,3,Right
5813078555,KC part due to gap,KC part due to gap,3,3,Right
5813078552,KCab,KCab-s,5,6,Right
5813078679,KCa'b',KCa'b'-ap1,4,5,Right
5813079174,KCab,KCab-m,6,6,Right
5813079050,KCg,KCg-m,6,6,Right
5813080343,KCab,KCab-m,6,6,Right
5813079489,KCg,KCg-m,7,10,Right
5813080254,KCab,KCab-m,6,6,Right
5813080766,KCg,KCg-m,11,10,Right
5813081175,KCg,KCg-d,3,1,Right
5813081176,KCg,KCg-d,0,0,Right
5813081174,KCg,KCg-m,7,7,Right
5813081797,KCab,KCab-s,7,7,Right
5813082811,KCab,KCab-s,6,6,Right
5813082847,KCab,KCab-c,7,7,Right
5813083651,KCg,KCg-d,0,0,Right
5813081511,KCab,KCab-c,4,4,Right
5813083990,KCg,KCg-m,8,10,Right
5813083719,KCab,KCab-m,5,5,Right
5813084505,KCa'b',KCa'b'-ap1,4,4,Right
5813085240,KCa'b',KCa'b'-ap2,4,5,Right
5813087798,KCg,KCg-m,9,10,Right
5813087831,KCab,KCab-c,5,6,Right
5813087453,KCab,KCab-m,6,6,Right
5813088058,KCab,KCab-s,4,6,Right
5813088767,KCab,KCab-s,4,4,Right
5813086212,KCab,KCab-c,7,8,Right
5813089804,KCab,KCab-m,4,4,Right
5813090605,KCab,KCab-m,6,6,Right
5813084692,KCg,KCg-m,10,11,Right
5813058163,KCa'b',KCa'b'-ap2,6,7,Right
5813090861,KCab,KCab-m,5,6,Right
5813091211,KCab,KCab-s,3,5,Right
5813091021,KCa'b',KCa'b'-ap1,3,5,Right
5813092931,KCab,KCab-p,2,1,Right
5813093111,KCa'b',KCa'b'-ap2,5,4,Right
5813093014,KCg,KCg-m,10,10,Right
5813093847,KCg,KCg-d,0,0,Right
5813093544,KCab,KCab-m,5,4,Right
5813094364,KCg,KCg-m,4,4,Right
5813094743,KCg,KCg-m,8,8,Right
5813095018,KCa'b',KCa'b'-ap2,6,7,Right
5813095238,KCab,KCab-m,5,5,Right
5813095523,KCg,KCg-m,10,11,Right
5813095915,KCg,KCg-m,10,12,Right
5813096260,KCa'b',KCa'b'-ap2,4,4,Right
5813096281,KCab,KCab-c,8,10,Right
5813095472,KCa'b',KCa'b'-m,5,5,Right
5813098738,KCab,KCab-s,5,5,Right
5813099783,KCab,KCab-m,6,6,Right
5813099399,KCg,KCg-m,7,9,Right
5813101387,KCg,KCg-m,8,8,Right
5813104095,KCg,KCg-m,8,9,Right
5813106192,KCab,KCab-m,6,5,Right
5813104096,KCg,KCg-m,9,10,Right
5813102642,KCg,KCg-m,8,11,Right
5813106497,KCab,KCab-m,4,5,Right
5813109913,KCab,KCab-s,7,6,Right
5813110152,KCab,KCab-s,8,7,Right
5813110459,KCa'b',KCa'b'-ap1,5,7,Right
5813110639,KCg,KCg-m,8,10,Right
5813111042,KCa'b',KCa'b'-ap1,1,2,Right
5813110928,KCab,KCab-s,5,5,Right
5813110238,KCab,KCab-s,6,6,Right
5813112511,KCa'b',KCa'b'-ap1,4,6,Right
5813116530,KC part due to gap,KC part due to gap,4,7,Right
5813113782,KCab,KCab-m,6,7,Right
5813114253,KCab,KCab-m,6,5,Right
5813114971,KCab,KCab-p,2,3,Right
5813128857,KCab,KCab-c,6,7,Right
5901193485,KCg,KCg-m,9,9,Right
5901197726,KCg,KCg-m,9,10,Right
5901202076,KCab,KCab-c,4,4,Right
5901202102,KCg,KCg-m,8,9,Right
5901205770,KCab,KCab-s,6,6,Right
5901225361,KCg,KCg-m,8,9,Right
5901207528,KCab,KCab-c,3,4,Right
5901198074,KCg,KCg-m,9,8,Right
5813078053,KCab,KCab-s,7,5,Right
5813091313,KCab,KCab-m,4,5,Right
