bodyId_post,KC_type,KC_subtype,n_claws
300968622,KCab,KCab-m,5
301309622,KCab,KCab-c,4
332003629,KCab,KCab-m,3
332344592,KCab,KCab-c,5
332353438,KCab,KCab-s,6
301314150,KCab,KCab-c,7
332685594,KCab,KCab-c,6
332349228,KCab,KCab-c,5
332353336,KCab,KCab-m,7
332685751,KCab,KCab-c,5
332344908,KCab,KCab-m,4
332003899,KCab,KCab-c,1
332353106,KCab,KCab-m,7
332349327,KCab,KCab-c,4
332344670,KCab,KCab-c,6
332353566,KCab,KCab-m,5
332344760,KCab,KCab-c,5
332340127,KCab,KCab-s,7
332003730,KCab,KCab-c,1
301318641,KCab,KCab-c,5
331999213,KCab,KCab-s,6
332344539,KCab,KCab-c,2
331999156,KCab,KCab-c,6
332689776,KCab,KCab-m,4
333031114,KCab,KCab-m,4
333030976,KCab,KCab-m,6
332690153,KCab,KCab-c,6
332685755,KCab,KCab-c,5
333035349,KCab,KCab-s,4
333039671,KCab,KCab-m,4
362693077,KCab,KCab-m,5
362689128,KCab,KCab-s,6
354779890,KCg,KCg-m,10
362693473,KCab,KCab-m,6
354775482,KCg,KCg-m,8
362697657,KCab,KCab-s,8
362701875,KCab,KCab-s,5
363030024,KCab,KCab-m,6
362701764,KCab,KCab-s,6
363029976,KCab,KCab-m,6
363030040,KCab,KCab-s,4
363034174,KCab,KCab-m,5
363034407,KCab,KCab-m,4
363034501,KCab,KCab-c,3
363034211,KCab,KCab-m,7
362701969,KCab,KCab-s,6
363038752,KCab,KCab-c,3
363370913,KCab,KCab-m,2
363370708,KCab,KCab-c,4
363042781,KCab,KCab-m,5
363038831,KCab,KCab-m,6
363375408,KCab,KCab-c,7
363047222,KCab,KCab-s,6
363375247,KCab,KCab-c,4
363375475,KCab,KCab-c,3
363384083,KCab,KCab-m,6
363384090,KCab,KCab-m,4
363384138,KCab,KCab-m,4
363724996,KCab,KCab-c,4
363716303,KCab,KCab-m,5
363716151,KCab,KCab-c,4
363725228,KCab,KCab-m,6
363724985,KCab,KCab-c,4
363716362,KCab,KCab-m,8
363729312,KCab,KCab-m,5
385132611,KCg,KCg-m,9
363729314,KCab,KCab-m,7
363733406,KCab,KCab-s,4
364411143,KCab,KCab-s,8
393387426,KCab,KCab-s,5
393736822,KCab,KCab-m,8
385158577,KCg,KCg-m,11
364070309,KCab,KCab-c,2
364061776,KCab,KCab-m,5
393383025,KCab,KCab-s,6
394060620,KCab,KCab-s,6
364407023,KCab,KCab-m,4
394064790,KCab,KCab-m,6
394060556,KCab,KCab-s,6
394069210,KCab,KCab-m,6
394077610,KCab,KCab-m,2
394073547,KCab,KCab-m,6
394081878,KCab,KCab-s,4
394401778,KCab,KCab-m,6
394397189,KCab,KCab-s,5
332340236,KCab,KCab-m,4
394427392,KCab,KCab-s,5
394755742,KCab,KCab-c,2
394414783,KCab,KCab-m,2
394755782,KCab,KCab-c,5
394414724,KCab,KCab-m,8
394755645,KCab,KCab-c,4
394418743,KCab,KCab-m,5
394759837,KCab,KCab-m,4
394759626,KCab,KCab-c,5
332008082,KCab,KCab-m,6
394764082,KCab,KCab-m,5
415511327,KCg,KCg-m,9
394755632,KCab,KCab-c,2
394755376,KCab,KCab-m,5
395105113,KCab,KCab-m,4
331662717,KCab,KCab-s,6
394768379,KCab,KCab-s,7
415852518,KCg,KCg-m,9
415826533,KC part due to gap,KC part due to gap,7
415494049,KCg,KCg-m,11
416189410,KCg,KCg-m,8
416508862,KCg,KCg-m,10
424754530,KCab,KCab-s,5
415835070,KCg,KCg-m,8
415835178,KCg,KCg-m,9
425112506,KCab,KCab-s,5
415908516,KCg,KCg-m,10
425104216,KCab,KCab-m,5
415848195,KCg,KCg-m,8
415848228,KCg,KCg-m,10
426139965,KCab,KCab-s,6
363387921,KCab,KCab-m,6
425086839,KCab,KCab-p,2
425768768,KCab,KCab-s,7
425104113,KCab,KCab-m,5
416189500,KCg,KCg-m,12
426464004,KCab,KCab-s,5
416837168,KCg,KCg-m,10
426477089,KCab,KCab-s,4
425768822,KCab,KCab-s,6
446533552,KCg,KCg-m,9
425431837,KCab,KCab-s,6
446826981,KCg,KCg-m,8
363371001,KCab,KCab-m,1
425445301,KCab,KCab-c,8
425436170,KCab,KCab-m,7
426818061,KCab,KCab-p,0
447219992,KCg,KCg-m,11
446848967,KCg,KCg-m,11
332007728,KCab,KCab-m,3
363725201,KCab,KCab-m,4
455793743,KCab,KCab-s,5
455793827,KCab,KCab-s,4
455793621,KCab,KCab-s,7
447224575,KCg,KCg-m,8
364070517,KCab,KCab-m,5
301314154,KCab,KCab-c,3
456808311,KCab,KCab-s,5
456134692,KCab,KCab-s,5
456820863,KCab,KCab-m,5
301314208,KCab,KCab-c,3
476545134,KCab,KCab-m,5
456458549,KCab,KCab-s,5
477262101,KCab,KCab-c,5
456462919,KCab,KCab-p,3
477900959,KCg,KCg-m,9
477900945,KCg,KCg-m,10
362701895,KCab,KCab-m,4
331662668,KCab,KCab-m,5
477896729,KC part due to gap,KC part due to gap,6
477909602,KCg,KCg-m,9
477909698,KCg,KCg-m,10
477572961,KCa'b',KCa'b'-ap2,6
478250407,KCg,KCg-m,9
457507485,KCab,KCab-s,6
332008063,KCab,KCab-m,5
477909679,KCg,KCg-m,8
478660968,KCg,KCg-m,9
486815976,KCa'b',KCa'b'-ap2,4
487489064,KCa'b',KCa'b'-ap2,4
487160828,KCa'b',KCa'b'-m,5
486837442,KCa'b',KCa'b'-m,7
478250482,KCg,KCg-m,8
487489028,KCa'b',KCa'b'-ap2,3
488179585,KCab,KCab-s,5
487834179,KCa'b',KCa'b'-ap1,3
488205572,KCab,KCab-s,6
488533722,KCab,KCab-s,5
487834111,KCa'b',KCa'b'-ap1,2
508292573,KCab,KCab-c,5
487847296,KCab,KCab-s,6
508599211,KCg,KCg-m,11
488188560,KCab,KCab-s,6
507592981,KCab,KCab-m,5
507260559,KCab,KCab-m,6
508940291,KCg,KCg-m,9
488184014,KCab,KCab-s,7
508599194,KCg,KCg-m,9
488179878,KCa'b',KCa'b'-ap1,4
508949033,KCg,KCg-m,8
487501700,KCab,KCab-s,6
487834131,KCa'b',KCa'b'-ap1,5
508939879,KCg,KCg-m,5
508935964,KCg,KCg-m,10
509700197,KCg,KCg-m,9
508599271,KCg,KCg-m,10
517847127,KCa'b',KCa'b'-ap2,5
508616471,KCg,KCg-m,9
508940292,KC part due to gap,KC part due to gap,5
508918609,KCa'b',KCa'b'-m,6
509013752,KCg,KCg-m,9
517871837,KCa'b',KCa'b'-m,5
508599181,KCg,KCg-m,10
507243409,KCab,KCab-c,7
508599276,KCg,KCg-m,8
518191547,KCa'b',KCa'b'-ap2,6
509695478,KCg,KCg-m,7
509264220,KCg,KCg-m,12
517850316,KCa'b',KCa'b'-ap2,4
508939914,KCg,KCg-m,8
518528152,KCa'b',KCa'b'-ap2,3
518864844,KCa'b',KCa'b'-ap1,4
517510393,KCa'b',KCa'b'-ap2,6
518187118,KCa'b',KCa'b'-ap2,4
518532490,KCa'b',KCa'b'-m,4
517858947,KCab,KCab-p,2
518869381,KCa'b',KCa'b'-ap1,2
518873469,KCab,KCab-s,6
519210172,KCa'b',KCa'b'-ap1,3
519218919,KCab,KCab-s,6
518864924,KCa'b',KCa'b'-ap1,3
518195738,KCab,KCab-p,4
518882016,KCab,KCab-s,6
519214622,KCa'b',KCa'b'-ap1,3
446883390,KCg,KCg-m,11
518869459,KCa'b',KCa'b'-ap1,5
518212987,KCa'b',KCa'b'-m,5
519206240,KCa'b',KCa'b'-ap1,2
519905418,KCab,KCab-s,6
518873604,KCab,KCab-s,5
519900699,KCab,KCab-s,4
538653955,KCab,KCab-c,6
519214895,KCa'b',KCa'b'-ap1,4
519223027,KCab,KCab-s,5
538282782,KCab,KCab-m,5
539249493,KCab,KCab-m,6
456121649,KCab,KCab-s,6
519564501,KCab,KCab-s,5
519232054,KCab,KCab-s,6
539586554,KC part due to gap,KC part due to gap,1
539949536,KCg,KCg-m,8
537945877,KCab,KCab-c,5
538308362,KCab,KCab-m,6
519573099,KCab,KCab-s,5
538602138,KCg,KCg-m,9
538908474,KCab,KCab-m,3
539949478,KCg,KCg-m,6
538951958,KCg,KCg-m,11
542371432,KCab,KCab-p,2
539975118,KCg,KCg-m,9
540389646,KCg,KCg-m,7
539983731,KCg,KCg-m,10
540730639,KCg,KCg-m,8
548889938,KCa'b',KCa'b'-m,5
540730738,KCg,KCg-m,8
548553494,KCa'b',KCa'b'-m,4
548549395,KCa'b',KCa'b'-m,5
456462835,KCab,KCab-p,4
548885407,KCa'b',KCa'b'-ap2,4
539975122,KC(incomplete?),KC(incomplete?),7
548552875,KCa'b',KCa'b'-m,4
540730657,KCg,KCg-m,8
540389734,KCg,KCg-m,10
548553386,KCa'b',KCa'b'-m,5
548898520,KCa'b',KCa'b'-m,5
548885313,KCa'b',KCa'b'-ap2,5
549226277,KCa'b',KCa'b'-ap2,4
548894251,KCa'b',KCa'b'-m,5
548552915,KCa'b',KCa'b'-m,6
548898403,KCa'b',KCa'b'-m,8
549222167,KCa'b',KCa'b'-ap2,5
549576424,KCab,KCab-m,4
549572017,KCab,KCab-m,5
549576117,KCab,KCab-m,5
549230949,KCa'b',KCa'b'-ap2,5
549916869,KCab,KCab-m,8
550598935,KCab,KCab-s,7
568635279,KCab,KCab-m,6
569278689,KC part due to gap,KC part due to gap,1
550271272,KCab,KCab-s,5
569002579,KCab,KCab-m,5
550599514,KCab,KCab-s,6
569334986,KCab,KCab-c,4
569313277,KCab,KCab-m,4
550245056,KCa'b',KCa'b'-ap1,2
569650323,KCg,KCg-m,8
569615641,KCab,KCab-s,6
569317846,KCab,KCab-m,4
549917317,KCab,KCab-m,5
569939107,KC part due to gap,KC part due to gap,2
569943419,KCab,KCab-m,5
549904387,KCa'b',KCa'b'-ap1,4
570288900,KCab,KCab-m,6
549567614,KCa'b',KCa'b'-ap2,4
549571627,KCab,KCab-p,1
569999973,KCg,KCg-m,11
570314896,KCa'b',KCa'b'-m,5
549904227,KCa'b',KCa'b'-ap1,4
487493197,KCa'b',KCa'b'-ap2,5
549908737,KCa'b',KCa'b'-ap2,6
549899821,KCa'b',KCa'b'-ap1,3
570327880,KCg,KCg-m,11
570643102,KCg,KCg-m,10
570336487,KCg,KCg-m,8
570643135,KCg,KCg-m,9
570647225,KC part due to gap,KC part due to gap,2
570643109,KCg,KCg-m,9
570647366,KC part due to gap,KC part due to gap,7
570742527,KCg,KCg-m,8
570643193,KCg,KCg-m,8
571424323,KCg,KCg-m,10
570742510,KCg,KCg-m,11
571044587,KCy(half),KCy(half),10
571424636,KCg,KCg-m,9
570742599,KCg,KCg-m,7
570997147,KCg,KCg-m,10
570647526,KCg,KCg-m,9
571778433,KCg,KCg-m,9
571424650,KCg,KCg-m,12
571778381,KCg,KCg-m,10
519223428,KCab,KCab-m,5
571424748,KCg,KCg-m,9
579583329,KCa'b',KCa'b'-m,4
579587796,KCa'b',KCa'b'-m,5
579928928,KCa'b',KCa'b'-m,3
580598373,KCa'b',KCa'b'-ap2,5
579592619,KCa'b',KCa'b'-m,5
579924731,KCa'b',KCa'b'-m,3
580610916,KCab,KCab-m,6
580611301,KCab,KCab-m,5
580934661,KCa'b',KCa'b'-ap1,5
580947602,KCa'b',KCa'b'-ap1,5
581633934,KCab,KCab-s,5
581293182,KCab,KCab-m,4
580951922,KCab,KCab-m,5
599674785,KCab,KCab-m,5
600011602,KCab,KCab-m,5
600356751,KCg,KCg-m,10
600689582,KC part due to gap,KC part due to gap,1
600684832,KCg,KCg-m,9
600965298,KC part due to gap,KC part due to gap,2
600667501,KCab,KCab-s,5
600693904,KCg,KCg-m,9
600978553,KC part due to gap,KC part due to gap,2
600702348,KCg,KCg-m,8
600702483,KCg,KCg-m,10
548549000,KCa'b',KCa'b'-m,6
601302278,KC part due to gap,KC part due to gap,4
601047827,KCg,KCg-m,10
601319398,KCab,KCab-m,4
601047826,KCg,KCg-m,11
601047853,KCg,KCg-m,9
601388689,KCg,KCg-d,5
601712754,KCg,KCg-m,10
601725442,KC(incomplete?),KC(incomplete?),4
602118253,KCg,KCg-m,10
602459169,KCg,KCg-m,7
602459213,KCg,KCg-m,8
602808843,KCa'b',KCa'b'-ap2,5
610618198,KCa'b',KCa'b'-m,5
603422422,KCab,KCab-s,7
602809029,KCg,KCg-m,6
610968248,KCa'b',KCa'b'-m,5
611305085,KCa'b',KCa'b'-m,4
611646132,KCab,KCab-s,6
611304789,KCab,KCab-s,6
602459682,KCg,KCg-m,10
611300533,KCa'b',KCa'b'-m,4
630381662,KCab,KCab-m,5
611309194,KCab,KCab-m,6
630373425,KCab,KCab-c,5
630381893,KCg,KCg-m,11
630373497,KCab,KCab-s,8
611646050,KCab,KCab-p,1
611974080,KCa'b',KCa'b'-ap1,3
630722975,KC part due to gap,KC part due to gap,3
612323667,KCa'b',KCa'b'-m,5
630377642,KCab,KCab-m,7
612669205,KCab,KCab-s,3
630722830,KCab,KCab-s,3
630731599,KCg,KCg-t,7
630722941,KCg,KCg-m,8
630748479,KCa'b',KCa'b'-ap1,3
631051057,KCg,KCg-m,10
631051012,KCab,KCab-s,5
631055506,KCg,KCg-m,10
630727056,KCg,KCg-m,8
631400693,KCg,KCg-m,9
631374662,KC part due to gap,KC part due to gap,6
631400190,KCg,KCg-m,6
631059587,KCab,KCab-s,4
631737380,KCg,KCg-m,10
631422224,KCg,KCg-m,7
631400622,KCg,KCg-m,10
631396532,KCg,KCg-m,12
631396256,KCg,KCg-m,8
632017828,KC part due to gap,KC part due to gap,1
631728731,KC part due to gap,KC part due to gap,4
631400598,KCg,KCg-m,10
631396453,KCab,KCab-m,8
631741308,KCg,KCg-d,6
631737164,KCg,KCg-m,8
632048075,KCg,KCg-m,9
632069851,KCg,KCg-m,6
631064055,KCg,KCg-m,9
570336412,KCg,KCg-m,10
631733127,KCg,KCg-m,8
631422121,KCg,KCg-m,8
631741483,KCg,KCg-m,12
632069728,KCg,KCg-m,7
632013356,KCab,KCab-m,5
632069757,KCg,KCg-m,9
632082635,KCg,KCg-m,12
632397510,KCg,KCg-m,7
632397750,KCg,KCg-m,11
632397798,KCg,KCg-m,8
632402333,KCg,KCg-m,7
632397786,KCg,KCg-m,11
633149039,KCg,KCg-m,8
642335553,KCa'b',KCa'b'-m,7
642680853,KCab,KCab-m,4
642680881,KCab,KCab-m,3
642689607,KCab,KCab-m,4
643362770,KCab,KCab-s,7
579592279,KCa'b',KCa'b'-m,5
633498748,KCg,KCg-m,8
632397780,KCg,KCg-m,9
661076014,KCab,KCab-c,3
632734572,KCg,KCg-m,8
633148716,KCg,KCg-m,10
661740651,KCg,KCg-m,9
661408094,KCab,KCab-m,5
633149202,KCg,KCg-m,7
661757811,KCg,KCg-m,10
642680823,KCab,KCab-s,6
612668833,KCab,KCab-s,5
642681035,KCab,KCab-m,4
633148704,KCg,KCg-m,7
633148859,KCg,KCg-m,10
662081640,KCg,KCg-m,8
643703819,KCab,KCab-s,5
642680969,KCab,KCab-p,1
661430179,KCg,KCg-m,9
662085486,KCg,KCg-m,10
641653381,KCa'b',KCa'b'-m,5
662103124,KCab,KCab-c,5
643363111,KCab,KCab-s,5
662409582,KCa'b',KCa'b'-ap2,5
662409505,KCa'b',KCa'b'-m,6
642335523,KCab,KCab-p,3
661080007,KCa'b',KCa'b'-m,4
662107593,KCg,KCg-m,9
662414157,KCab,KCab-c,5
662418320,KCg,KCg-m,8
633144545,KCg,KCg-m,6
662461539,KCg,KCg-m,8
660730340,KCab,KCab-c,4
662767770,KCg,KCg-m,7
661421129,KCg,KCg-m,7
663091787,KCg,KCg-m,7
662085792,KC part due to gap,KC part due to gap,1
662763904,KCg,KCg-m,10
661430106,KCg,KCg-m,10
662081902,KCg,KCg-m,9
663493162,KCg,KCg-m,10
662711769,KC part due to gap,KC part due to gap,6
663834152,KCg,KCg-m,8
662089919,KC part due to gap,KC part due to gap,6
664141134,KCg,KCg-m,9
662728826,KCab,KCab-m,6
632808044,KCg,KCg-m,9
664187932,KCg,KCg-m,7
662754991,KCg,KCg-m,6
664188083,KCg,KCg-m,8
664188108,KCg,KCg-m,6
662452625,KCg,KCg-m,8
661084049,KCg,KCg-m,10
661740600,KC part due to gap,KC part due to gap,2
661395129,KCg,KCg-m,10
662094168,KCg,KCg-m,9
662802782,KCg,KCg-m,12
661408056,KCg,KCg-m,7
663134970,KCg,KCg-m,8
662107551,KCg,KCg-m,9
661766416,KCg,KCg-m,8
662789529,KCab,KCab-s,5
662772373,KCab,KCab-m,5
662806818,KCg,KCg-m,10
674056647,KCab,KCab-m,5
673029543,KCa'b',KCa'b'-m,7
673370525,KCa'b',KCa'b'-m,2
662763626,KCg,KCg-m,7
673366263,KCa'b',KCa'b'-ap2,4
661407917,KCa'b',KCa'b'-m,7
664188056,KCg,KCg-m,9
661399477,KCg,KCg-m,11
674738872,KCa'b',KCa'b'-ap2,6
662772393,KCg,KCg-m,9
692093440,KCg,KCg-m,9
664188211,KCg,KCg-m,9
691760950,KCab,KCab-m,6
692119287,KCg,KCg-m,9
674056882,KCab,KCab-m,7
674398014,KCab,KCab-m,6
692775807,KC part due to gap,KC part due to gap,1
692775814,KC part due to gap,KC part due to gap,4
673715784,KCab,KCab-m,6
692810011,KCg,KCg-m,11
693099031,KCg,KCg-m,6
693099102,KCg,KCg-m,4
692818802,KCg,KCg-m,8
693116214,KC part due to gap,KC part due to gap,3
674393414,KCa'b',KCa'b'-ap2,6
693121000,KC part due to gap,KC part due to gap,2
693034103,KC part due to gap,KC part due to gap,1
692110379,KCab,KCab-s,6
692434135,KCg,KCg-m,9
692430198,KCg,KCg-m,9
692792746,KCab,KCab-c,2
693159855,KCab,KCab-s,6
693099064,KCab,KCab-m,5
693133603,KCg,KCg-m,9
693448777,KCab,KCab-c,3
692818786,KCg,KCg-m,6
693500431,KCg,KCg-m,8
693785780,KC part due to gap,KC part due to gap,2
693500652,KCg,KCg-m,9
693785633,KCab,KCab-m,4
693112035,KC part due to gap,KC part due to gap,1
693116396,KCab,KCab-c,4
693846112,KCg,KCg-m,10
694126800,KC part due to gap,KC part due to gap,5
693453332,KCab,KCab-c,6
694139687,KC part due to gap,KC part due to gap,2
693785371,KCg,KCg-m,8
704742082,KCa'b',KCa'b'-m,5
694524222,KCg,KCg-m,6
693794431,KC part due to gap,KC part due to gap,2
693790141,KC part due to gap,KC part due to gap,7
704750673,KCab,KCab-m,6
693837780,KCg,KCg-m,11
693841929,KCab,KCab-s,6
693841887,KCg,KCg-m,8
693785353,KC part due to gap,KC part due to gap,2
693785740,KC part due to gap,KC part due to gap,5
704750475,KCab,KCab-s,6
705432638,KCab,KCab-s,5
722821616,KCg,KCg-m,10
705091521,KCab,KCab-m,6
704759205,KCa'b',KCa'b'-ap2,3
704746457,KCab,KCab-p,3
664184060,KCg,KCg-m,6
704750842,KCab,KCab-m,4
723158245,KCg,KCg-m,7
704750766,KCab,KCab-m,7
723167312,KCg,KCg-m,8
723469488,KC part due to gap,KC part due to gap,3
705082892,KCa'b',KCa'b'-m,4
723495119,KCg,KCg-m,10
704750665,KCab,KCab-m,8
704750742,KCab,KCab-s,5
723508068,KCa'b',KCa'b'-ap1,4
705432922,KCab,KCab-m,5
705774051,KCab,KCab-s,6
723128414,KC part due to gap,KC part due to gap,1
704409742,KCab,KCab-s,5
705091769,KCab,KCab-c,3
723848801,KCg,KCg-m,8
723849351,KCg,KCg-m,8
724133866,KC part due to gap,KC part due to gap,3
723153828,KCg,KCg-m,9
724134170,KC part due to gap,KC part due to gap,1
724134138,KCab,KCab-m,4
723853340,KCab,KCab-s,5
664188129,KCg,KCg-m,7
724488362,KC part due to gap,KC part due to gap,1
724142845,KCg,KCg-m,8
722450065,KCg,KCg-m,9
724763999,KC part due to gap,KC part due to gap,2
724138359,KC part due to gap,KC part due to gap,4
722471778,KCg,KCg-m,6
724816217,KC part due to gap,KC part due to gap,4
724867606,KCg,KCg-m,8
724522447,KCg,KCg-m,8
724151343,KC part due to gap,KC part due to gap,4
724867917,KCg,KCg-m,6
723508162,KCg,KCg-m,6
735785639,KCab,KCab-c,4
724825187,KC part due to gap,KC part due to gap,4
724876683,KCg,KCg-m,8
724885340,KCg,KCg-m,9
724488194,KC part due to gap,KC part due to gap,3
736122569,KCab,KCab-m,3
725200110,KCg,KCg-m,9
736126668,KCab,KCab-c,6
735785583,KCab,KCab-s,6
736126732,KCab,KCab-m,3
735785459,KCab,KCab-m,3
736126644,KCab,KCab-c,4
736126563,KCab,KCab-c,4
736463614,KCab,KCab-m,5
736126717,KCab,KCab-c,5
736813212,KCab,KCab-s,4
723810015,KC part due to gap,KC part due to gap,2
736808904,KCab,KCab-s,7
736467526,KCab,KCab-m,5
736467640,KCab,KCab-m,4
737491062,KCa'b',KCa'b'-ap1,4
753489735,KCab,KCab-c,5
736808522,KCa'b',KCa'b'-ap2,4
737150041,KCa'b',KCa'b'-ap2,5
737149964,KCa'b',KCa'b'-ap1,4
753489951,KCab,KCab-c,7
737149820,KCa'b',KCa'b'-ap2,6
753506746,KCg,KCg-d,1
753489892,KCab,KCab-c,4
753847960,KCg,KCg-m,9
753852265,KCab,KCab-c,4
753839564,KCg,KCg-m,7
753852432,KCg,KCg-m,9
735790008,KCab,KCab-s,7
754154720,KC part due to gap,KC part due to gap,2
724531411,KCg,KCg-m,10
735785741,KCab,KCab-s,6
725217343,KCg,KCg-m,9
735785541,KCab,KCab-s,7
754150161,KC part due to gap,KC part due to gap,3
753852396,KCab,KCab-c,3
725174424,KCab,KCab-m,4
754163207,KCab,KCab-c,0
736126746,KCab,KCab-m,5
736117977,KCa'b',KCa'b'-m,5
754184667,KCab,KCab-s,8
754197850,KCab,KCab-s,6
754188980,KCg,KCg-m,10
754206396,KCg,KCg-m,4
754202022,KCg,KCg-m,8
754486618,KC part due to gap,KC part due to gap,1
754832123,KC part due to gap,KC part due to gap,5
754491144,KC part due to gap,KC part due to gap,1
754525744,KCa'b',KCa'b'-ap2,3
754538763,KCab,KCab-c,1
754870859,KCg,KCg-m,8
754547386,KCg,KCg-m,7
755173211,KC part due to gap,KC part due to gap,3
754188911,KCg,KCg-m,5
754879354,KCab,KCab-c,3
755234235,KCab,KCab-c,2
755173189,KCab,KCab-c,3
754893183,KCa'b',KCa'b'-ap2,4
755229523,KCg,KCg-m,10
755868550,KCab,KCab-c,2
755177787,KCab,KCab-m,7
755851102,KCg,KCg-m,4
722467632,KCg,KCg-m,9
756196285,KCg,KCg-m,9
756585129,KCab,KCab-m,6
755527664,KC part due to gap,KC part due to gap,2
756196541,KCg,KCg-d,1
766820559,KCab,KCab-m,5
767161677,KCab,KCab-m,1
756567539,KCab,KCab-m,6
767502579,KCab,KCab-c,6
768184604,KCa'b',KCa'b'-ap2,6
768184496,KCa'b',KCa'b'-m,4
768525647,KCa'b',KCa'b'-ap2,6
767502657,KCab,KCab-c,3
767502627,KCab,KCab-c,4
768525593,KCa'b',KCa'b'-ap1,2
767502667,KCab,KCab-c,3
767161652,KCab,KCab-m,4
784844115,KC part due to gap,KC part due to gap,2
724829211,KC part due to gap,KC part due to gap,1
768525608,KCa'b',KCa'b'-ap2,5
784204967,KCg,KCg-m,7
767502639,KCab,KCab-c,2
784848513,KC part due to gap,KC part due to gap,1
767852204,KCa'b',KCa'b'-m,4
768184623,KCa'b',KCa'b'-m,5
784844112,KCab,KCab-c,3
784541854,KCg,KCg-m,9
784541732,KCg,KCg-d,1
785189156,KCab,KCab-m,6
784895866,KCg,KCg-m,8
784882707,KCab,KCab-c,3
785456671,KC part due to gap,KC part due to gap,1
785521487,KC part due to gap,KC part due to gap,1
785521517,KC part due to gap,KC part due to gap,2
785517281,KC part due to gap,KC part due to gap,1
785525842,KC part due to gap,KC part due to gap,2
785525736,KCab,KCab-m,6
785888696,KCab,KCab-c,2
785198372,KCab,KCab-m,6
785232629,KCab,KCab-c,5
785232649,KCg,KCg-m,6
785573850,KCab,KCab-s,4
798192091,KCab,KCab-m,6
786221078,KCab,KCab-m,7
797855394,KCab,KCab-m,6
797514653,KCab,KCab-m,6
798196366,KCab,KCab-m,6
786929029,KCab,KCab-s,5
798192115,KCab,KCab-m,4
785918963,KCg,KCg-t,8
798196454,KCab,KCab-m,5
785914742,KCg,KCg-m,9
798196389,KCab,KCab-m,5
798537392,KCab,KCab-c,5
798537701,KCab,KCab-c,4
798869986,KCab,KCab-s,6
798528850,KCa'b',KCa'b'-m,4
799901370,KCa'b',KCa'b'-ap1,3
799219511,KCa'b',KCa'b'-m,7
798874090,KCab,KCab-s,5
799560834,KCa'b',KCa'b'-m,6
798537638,KCab,KCab-c,5
798537456,KCab,KCab-c,5
798533259,KCab,KCab-c,1
798537538,KCab,KCab-c,3
815909099,KCg,KCg-m,7
798192162,KCab,KCab-c,5
799906141,KCa'b',KCa'b'-ap2,7
815926323,KCab,KCab-c,4
815580911,KCg,KCg-m,7
815921891,KCab,KCab-c,5
815585355,KCab,KCab-c,4
815240159,KCab,KCab-m,5
798196461,KCab,KCab-c,5
815922095,KCab,KCab-s,5
815922112,KCg,KCg-m,7
815926332,KCab,KCab-m,7
815926346,KCab,KCab-c,3
815930761,KCab,KCab-s,4
816254592,KCab,KCab-c,5
816263443,KCab,KCab-c,3
816276925,KCg,KCg-m,9
816613438,KCa'b',KCa'b'-ap1,3
817294806,KCa'b',KCa'b'-ap2,2
817993932,KCab,KCab-s,4
817299301,KCa'b',KCa'b'-m,5
817985849,KCab,KCab-s,3
818637585,KCab,KCab-c,3
816962833,KCa'b',KCa'b'-ap2,4
829231385,KCab,KCab-m,5
829015629,KCab,KCab-m,5
829231457,KCab,KCab-m,6
816276055,KCg,KCg-m,11
829572451,KCab,KCab-c,4
829572544,KCab,KCab-c,1
755544921,KCg,KCg-m,7
846270628,KCab,KCab-c,5
829235909,KCab,KCab-p,1
831273286,KCa'b',KCa'b'-ap1,4
830586919,KCa'b',KCa'b'-ap2,5
829572252,KCab,KCab-c,5
846602958,KCg,KCg-d,4
846611449,KCab,KCab-c,3
846611908,KCab,KCab-c,3
846616006,KCab,KCab-c,4
846616159,KCab,KCab-m,4
846620223,KCab,KCab-s,5
846952407,KCab,KCab-m,6
846620287,KCab,KCab-m,7
847254536,KCab,KCab-m,5
847254581,KCab,KCab-m,3
847293869,KCab,KCab-s,4
847297982,KCab,KCab-m,4
847297956,KCg,KCg-m,7
848287126,KCab,KCab-c,3
848321392,KCab,KCab-c,4
847989021,KCab,KCab-m,5
848316930,KCab,KCab-c,4
848330091,KCab,KCab-s,6
848662421,KCab,KCab-c,4
847302850,KCg,KCg-m,8
848666776,KCab,KCab-m,6
848662441,KCab,KCab-c,4
849370258,KCab,KCab-s,8
849370246,KCab,KCab-s,4
849685478,KCab,KCab-m,4
848692583,KCg,KCg-m,9
849707224,KCab,KCab-s,5
859925004,KCab,KCab-m,6
860257495,KCab,KCab-m,6
860265987,KCab,KCab-m,6
860261985,KCab,KCab-c,7
860266014,KCab,KCab-m,5
785189253,KC part due to gap,KC part due to gap,1
860266309,KCab,KCab-m,5
860603005,KCab,KCab-c,5
860607168,KCab,KCab-c,3
860266346,KCab,KCab-c,3
860266123,KCab,KCab-c,4
860607480,KCab,KCab-c,3
860266377,KCab,KCab-c,4
860944055,KCab,KCab-c,7
861630613,KCa'b',KCa'b'-m,4
860607503,KCab,KCab-c,4
877318574,KCab,KCab-m,6
861280857,KCab,KCab-p,1
877313996,KCab,KCab-c,5
861285145,KCab,KCab-p,3
861634934,KCa'b',KCa'b'-m,3
862312670,KCa'b',KCa'b'-ap1,4
877659583,KCab,KCab-m,4
877659673,KCab,KCab-m,4
877982991,KCab,KCab-c,3
877974490,KCab,KCab-c,4
860607367,KCab,KCab-c,3
877987901,KCab,KCab-m,6
860266404,KCab,KCab-c,5
877987539,KCab,KCab-c,3
860607455,KCab,KCab-c,6
860607450,KCab,KCab-c,2
860266062,KCab,KCab-m,4
877992236,KCab,KCab-m,5
877992303,KCab,KCab-m,7
878324222,KCab,KCab-c,6
878670047,KCab,KCab-m,6
878324438,KCab,KCab-m,5
879032295,KCab,KCab-m,5
880383629,KCg,KCg-m,10
880055173,KCab,KCab-s,5
878652627,KCa'b',KCa'b'-m,5
878333333,KCab,KCab-m,6
891301315,KCab,KCab-m,4
891301236,KCab,KCab-m,7
878337317,KCab,KCab-m,8
881057369,KCg,KCg-m,5
880404940,KCab,KCab-m,5
891642215,KCab,KCab-c,3
880409455,KCab,KCab-s,5
891629070,KCab,KCab-s,7
891637860,KCab,KCab-c,3
799215269,KCab,KCab-p,2
891978843,KCab,KCab-c,4
891642345,KCab,KCab-c,4
908340253,KCab,KCab-m,5
893347461,KCa'b',KCa'b'-ap2,4
908353540,KCab,KCab-m,4
893688605,KCa'b',KCa'b'-ap1,3
908685859,KCab,KCab-m,5
908668556,KCab,KCab-m,5
908668522,KCab,KCab-m,5
908685688,KCab,KCab-m,7
891642281,KCab,KCab-c,4
908689934,KCab,KCab-m,8
908690107,KCab,KCab-m,5
909026992,KCab,KCab-m,5
909026561,KCab,KCab-m,4
909372586,KCab,KCab-m,4
909368173,KCab,KCab-m,6
909372602,KCab,KCab-m,4
909704857,KCab,KCab-c,3
909717461,KCg,KCg-d,1
909730907,KCab,KCab-s,7
910063154,KCab,KCab-m,5
910063307,KCab,KCab-s,4
910404284,KCab,KCab-m,4
909730911,KCab,KCab-m,5
910386568,KCab,KCab-c,4
910412830,KCab,KCab-m,7
911094343,KCab,KCab-m,6
911400981,KCab,KCab-c,5
911759695,KCg,KCg-m,6
911755444,KCg,KCg-m,7
922677121,KCab,KCab-c,3
923013923,KCab,KCab-c,4
923018290,KCab,KCab-m,4
923018247,KCab,KCab-c,4
923359312,KCab,KCab-s,5
924723528,KCa'b',KCa'b'-ap1,5
923700162,KCa'b',KCa'b'-m,4
939729237,KCab,KCab-s,5
846952683,KCab,KCab-m,6
939030036,KCab,KCab-m,6
939733452,KCab,KCab-s,6
939729706,KCab,KCab-c,4
939738364,KCab,KCab-m,5
939734266,KCab,KCab-m,5
939734122,KCab,KCab-s,5
939738376,KCab,KCab-s,6
939738399,KCab,KCab-m,8
939738424,KCab,KCab-c,4
939738473,KCab,KCab-c,3
939742609,KCab,KCab-c,4
939742503,KCab,KCab-c,3
940075464,KCab,KCab-m,5
940070913,KCab,KCab-m,5
940079513,KCab,KCab-m,6
940075056,KCab,KCab-p,4
940079253,KCab,KCab-m,4
939733918,KCa'b',KCa'b'-m,5
940079568,KCab,KCab-m,4
940083749,KCab,KCab-c,5
940079170,KCab,KCab-s,7
940084060,KCab,KCab-m,3
940084011,KCab,KCab-m,5
940079657,KCab,KCab-m,3
940084095,KCab,KCab-c,6
940079771,KCab,KCab-m,4
940084152,KCab,KCab-c,3
939738477,KCab,KCab-m,4
940087822,KCab,KCab-c,1
940425106,KCab,KCab-m,4
940425171,KCab,KCab-s,6
940748411,KCab,KCab-m,4
940761352,KCab,KCab-c,4
940425232,KCab,KCab-m,3
940752707,KCab,KCab-m,4
941102504,KCab,KCab-m,6
954053018,KCab,KCab-c,5
953712141,KCab,KCab-m,4
943118619,KCg,KCg-d,4
953029783,KCab,KCab-s,5
954053251,KCab,KCab-c,6
970772961,KCab,KCab-c,5
940420292,KCa'b',KCa'b'-m,4
970777114,KCab,KCab-c,4
970777224,KCab,KCab-c,2
971113967,KCab,KCab-c,6
971118202,KCab,KCab-m,5
954730964,KCab,KCab-s,6
971459227,KCab,KCab-m,4
972128731,KCg,KCg-m,8
941111195,KCab,KCab-m,3
973151229,KCg,KCg-m,10
971118724,KCab,KCab-c,4
973146958,KCg,KCg-m,10
973488234,KCg,KCg-m,8
984405805,KCab,KCab-m,5
985429128,KCab,KCab-m,4
984746802,KCab,KCab-m,6
986793149,KCa'b',KCa'b'-ap2,5
1001453586,KCa'b',KCa'b'-ap1,2
878333234,KCab,KCab-c,3
1003474104,KCa'b',KCa'b'-ap1,2
1003478461,KCg,KCg-m,8
1003474283,KCg,KCg-m,11
1004527691,KCg,KCg-m,8
1004527700,KCg,KCg-m,5
1016118651,KCab,KCab-c,3
1004527604,KCg,KCg-m,8
1005179264,KCg,KCg-m,8
1005179377,KCg,KCg-d,4
1018510191,KCa'b',KCa'b'-ap1,3
1018164997,KCa'b',KCa'b'-ap1,3
1017819398,KCa'b',KCa'b'-ap2,5
1016122913,KCab,KCab-c,3
1016805008,KCab,KCab-p,1
1016459595,KCab,KCab-m,7
1034198388,KCab,KCab-p,1
1035557785,KCg,KCg-m,10
1036563762,KCa'b',KCa'b'-ap1,3
1046812283,KCab,KCab-m,7
1047157746,KCab,KCab-m,6
1035562328,KCg,KCg-m,10
1046816660,KCab,KCab-c,5
1036559440,KCg,KCg-m,10
1036559490,KCg,KCg-m,7
1049549412,KCa'b',KCa'b'-ap1,4
1049549402,KCa'b',KCa'b'-ap1,4
1064891781,KCab,KCab-p,2
1047835635,KCa'b',KCa'b'-m,5
1069295830,KCg,KCg-m,7
1068958593,KCg,KCg-m,9
1068617431,KCg,KCg-m,8
1068954342,KCg,KCg-m,8
1068954391,KCg,KCg-m,9
1077851524,KCab,KCab-c,5
1048854479,KCa'b',KCa'b'-ap2,6
1069295816,KCg,KCg-m,7
1068958652,KCg,KCg-m,11
1048517845,KCa'b',KCa'b'-m,8
1068613282,KCg,KCg-m,9
1079215685,KCa'b',KCa'b'-ap2,6
1067598881,KCg,KCg-m,7
1078534115,KCab,KCab-s,6
1068613227,KCg,KCg-m,8
1078525257,KCab,KCab-m,7
1078875017,KCab,KCab-s,6
1080579786,KCa'b',KCa'b'-ap1,3
1080566792,KCa'b',KCa'b'-ap2,5
1068276312,KCg,KCg-m,10
1068613231,KCg,KCg-m,7
1068272038,KCg,KCg-m,9
1078534091,KCab,KCab-s,3
1097265345,KCg,KCg-m,11
1080580151,KCg,KCg-m,8
1096919756,KCg,KCg-m,12
1080579985,KCa'b',KCa'b'-ap1,3
1100675450,KCg,KCg-m,9
1101012503,KCg,KCg-m,9
1108541296,KCab,KCab-m,4
1100675497,KCg,KCg-m,9
1101353948,KCg,KCg-m,6
1109223365,KCab,KCab-m,5
1111615136,KCa'b',KCa'b'-ap2,4
1111947403,KCa'b',KCa'b'-ap1,2
1109568528,KCab,KCab-s,7
1130687130,KCab,KCab-s,5
1108545599,KCab,KCab-s,6
1110985490,KCg,KCg-m,7
1139921865,KCab,KCab-m,7
1139921468,KCab,KCab-m,5
1127604950,KCg,KCg-d,3
1141006088,KCg,KCg-m,7
1140950118,KCg,KCg-m,7
1111278454,KCg,KCg-m,8
1140603698,KCab,KCab-s,5
1141009899,KCg,KCg-m,9
1141010036,KCg,KCg-m,8
1141290695,KCg,KCg-m,10
1141337518,KCg,KCg-m,11
1141290835,KCg,KCg-m,8
1129323248,KCg,KCg-m,12
1141342260,KCg,KCg-m,8
1141337757,KCg,KCg-m,9
1110937445,KCg,KCg-m,9
1141337663,KCg,KCg-m,9
1141342299,KCg,KCg-m,9
971118588,KCab,KCab-c,5
1141346217,KCg,KCg-m,10
1141346462,KCg,KCg-m,10
1141337629,KCg,KCg-m,8
1141346308,KCg,KCg-m,8
1141631240,KCg,KCg-m,10
1141630854,KCg,KCg-m,7
1141631198,KCg,KCg-m,10
1141346472,KCg,KCg-m,5
1141678637,KCg,KCg-m,8
1141636055,KCg,KCg-m,7
1141674495,KCg,KCg-m,8
1141682748,KCg,KCg-m,8
1141636389,KCg,KCg-m,12
1141687352,KCg,KCg-m,6
1141691881,KCg,KCg-m,6
1141678931,KCg,KCg-m,8
1141972202,KCg,KCg-m,8
1141972158,KCg,KCg-m,10
1141977014,KCg,KCg-m,11
1141977071,KCg,KCg-m,8
1141976953,KCg,KCg-m,11
1142019868,KCg,KCg-m,4
1142019737,KCg,KCg-m,10
1142019878,KCg,KCg-s4,7
1142024290,KCg,KCg-m,7
1142356511,KCg,KCg-m,9
1142028710,KCg,KCg-m,7
1142658717,KCg,KCg-m,7
1142706421,KCg,KCg-m,6
1142360528,KCg,KCg-m,8
1142994933,KCg,KCg-m,9
1143686159,KCg,KCg-m,10
1143340753,KCg,KCg-m,9
1143677310,KCg,KCg-m,9
1161731111,KCg,KCg-m,9
1165465632,KCg,KCg-m,9
1170326295,KCa'b',KCa'b'-ap1,4
1169657925,KCa'b',KCa'b'-ap1,4
1169661785,KCa'b',KCa'b'-ap2,3
1162063500,KCab,KCab-m,7
1170667130,KCa'b',KCa'b'-ap1,3
1170326256,KCa'b',KCa'b'-ap1,2
1170335262,KCa'b',KCa'b'-ap1,3
1170606692,KCab,KCab-s,6
1170344185,KCa'b',KCa'b'-ap1,4
1171617407,KCg,KCg-d,4
1143332046,KCg,KCg-m,10
1171704378,KCg,KCg-m,6
1172044382,KCg,KCg-m,9
1169999059,KCa'b',KCa'b'-ap1,2
1172053274,KCg,KCg-m,8
1172363878,KCg,KCg-m,10
1172372382,KCg,KCg-m,8
1172372291,KCg,KCg-m,5
1172665846,KCg,KCg-m,10
1172385513,KCg,KCg-m,8
1172670463,KCg,KCg-m,8
1172713514,KCg,KCg-m,7
1172704683,KCg,KCg-m,8
1172730733,KCg,KCg-m,9
1173016042,KCg,KCg-m,6
1173054679,KCg,KCg-m,8
1173067651,KCg,KCg-m,7
1173063302,KCg,KCg-m,7
1173347968,KCa'b',KCa'b'-ap2,3
1173391076,KCg,KCg-m,10
1173072129,KCg,KCg-m,10
1173732234,KCg,KCg-m,7
1173745411,KCg,KCg-m,9
1174077762,KCg,KCg-m,8
1173745220,KCg,KCg-m,10
1174008477,KCg,KCg-m,11
1174384118,KCg,KCg-m,8
908699052,KCab,KCab-m,3
1174712037,KCg,KCg-m,8
1172713521,KCg,KCg-s1(super),25
1200351200,KCa'b',KCa'b'-ap2,5
1200683283,KCa'b',KCa'b'-ap2,4
1200687913,KCa'b',KCa'b'-ap2,6
1173408617,KCg,KCg-m,7
1200351169,KCa'b',KCa'b'-ap2,4
1202060409,KCa'b',KCa'b'-ap1,3
1201028519,KCa'b',KCa'b'-ap1,5
1200700424,KCa'b',KCa'b'-ap2,5
1201032707,KCa'b',KCa'b'-ap1,3
1202673723,KCa'b',KCa'b'-ap2,3
1203433388,KCg,KCg-d,4
1203709763,KCa'b',KCa'b'-m,2
1203424360,KCg,KCg-m,8
1202737975,KCg,KCg-m,7
1203774508,KCg,KCg-d,3
1202410042,KCg,KCg-m,9
1204076441,KCg,KCg-m,9
1204443547,KCg,KCg-m,9
1204124281,KCg,KCg-d,3
1204775735,KCg,KCg-m,8
1204447548,KCg,KCg-m,9
1231718414,KCa'b',KCa'b'-ap2,5
1231735257,KCa'b',KCa'b'-ap2,3
1232654731,KCg,KCg-m,4
1203420037,KCg,KCg-m,9
1203779116,KCg,KCg-d,4
1234472633,KCg,KCg-d,4
1204784216,KCg,KCg-m,9
1234800242,KCg,KCg-m,8
1234809285,KCg,KCg-d,3
1224137476,KCg,KCg-m,8
1233703950,KCab,KCab-s,7
1235115629,KCg,KCg-d,5
1236073998,KCg,KCg-m,6
1224137495,KCg,KCg-s3,7
1236816635,KCg,KCg-m,7
1261989183,KCab,KCab-s,6
1265157632,KCg,KCg-m,9
1265852784,KCg,KCg-d,7
1267164975,KCg,KCg-m,11
1268861712,KCg,KCg-d,1
1267868586,KCg,KCg-d,4
1294465669,KCa'b',KCa'b'-ap2,3
1297556652,KCg,KCg-m,10
1313496027,KCa'b',KCa'b'-ap2,6
1164113870,KCg,KCg-m,9
1297202769,KCg,KCg-m,10
1327831994,KCab,KCab-s,5
1327831724,KCa'b',KCa'b'-m,5
1354411526,KCg,KCg-d,4
1327494939,KCab,KCab-s,5
1388585088,KCab,KCab-p,2
1359212271,KCab,KCab-s,6
1390618359,KCab,KCab-m,7
1390942076,KCab,KCab-s,5
1359553384,KCab,KCab-s,6
1392655948,KCg,KCg-t,8
1420306364,KCab,KCab-m,5
1420651734,KCab,KCab-m,5
1421666260,KCab,KCab-m,5
1420966843,KCab,KCab-s,6
1449670372,KCab,KCab-s,5
1450011431,KCab,KCab-c,5
1451695303,KCab,KCab-m,6
1515418525,KCa'b',KCa'b'-m,4
5812979016,KCg,KCg-m,6
5812979015,KCg,KCg-m,8
5812979069,KCg,KCg-m,8
5812979119,KCg,KCg-d,0
5812979175,KCg,KCg-m,7
5812979128,KCg,KCg-m,10
5812979177,KCg,KCg-m,8
5812979133,KCg,KCg-m,9
5812979371,KCg,KCg-m,7
5812979197,KCg,KCg-m,10
5812979188,KCg,KCg-m,9
5812979314,KCg,KCg-d,1
5812979326,KCg,KCg-m,9
5812979531,KCg,KCg-d,4
5812979187,KCg,KCg-m,9
5812979191,KCg,KCg-m,7
5812979408,KCg,KCg-m,7
5812980192,KCab,KCab-m,3
5812980212,KCab,KCab-m,4
5812980179,KCab,KCab-s,6
5812980207,KCab,KCab-m,6
5812980219,KCab,KCab-m,6
5812980209,KCab,KCab-m,5
5812980393,KC part due to gap,KC part due to gap,4
5812980397,KCab,KCab-s,9
5812980395,KCab,KCab-m,6
5812980404,KCab,KCab-s,7
5812980410,KCab,KCab-m,4
5812980414,KCab,KCab-m,4
5812980426,KCab,KCab-s,6
5812980408,KCab,KCab-s,5
5812980425,KCab,KCab-s,6
5812980398,KCab,KCab-s,6
5812980446,KCab,KCab-m,4
5812980428,KCab,KCab-s,6
5812980448,KCab,KCab-c,4
5812980537,KCg,KCg-m,10
5812980351,KCab,KCab-s,5
5812980555,KCab,KCab-s,4
5812980222,KCab,KCab-m,7
5812980220,KCab,KCab-c,4
5812980379,KCab,KCab-c,1
5812980369,KCab,KCab-m,4
5812980386,KCg,KCg-m,8
5812980376,KCab,KCab-m,3
5812980557,KCab,KCab-m,6
5812980378,KCab,KCab-s,4
5812980561,KCab,KCab-m,5
5812980370,KCab,KCab-c,4
5812980438,KCab,KCab-m,6
5812980432,KCab,KCab-c,4
5812980444,KCab,KCab-s,8
5812980569,KCab,KCab-c,6
5812980579,KCg,KCg-m,10
5812980590,KCab,KCab-c,4
5812980580,KCg,KCg-m,9
5812980597,KCab,KCab-c,3
5812980588,KCg,KCg-m,8
5812980600,KCab,KCab-c,4
5812980594,KCab,KCab-c,4
5812980593,KCab,KCab-m,5
5812980615,KCab,KCab-m,6
5812980611,KCab,KCab-s,4
5812980618,KCab,KCab-s,4
5812980624,KCab,KCab-m,5
5812980787,KCab,KCab-m,7
5812980638,KCg,KCg-m,9
5812980799,KCab,KCab-c,3
5812980803,KCab,KCab-c,2
5812980811,KCab,KCab-s,6
5812980802,KCab,KCab-c,5
5812980806,KCab,KCab-m,6
5812980796,KCg,KCg-m,11
5812980813,KCg,KCg-m,8
5812980599,KCab,KCab-m,6
5812980931,KCab,KCab-s,7
5812980892,KCab,KCab-m,5
5812980934,KCg,KCg-m,8
5812980940,KCab,KCab-p,1
5812980944,KCab,KCab-s,6
5812980947,KCab,KCab-m,7
5812980973,KCg,KCg-m,8
5812980965,KCab,KCab-c,6
5812980992,KCg,KCg-m,8
5812981038,KCg,KCg-m,7
5812981039,KCab,KCab-m,4
5812981042,KCab,KCab-m,5
5812981068,KCa'b',KCa'b'-ap2,7
5812981046,KCg,KCg-t,4
5812981071,KCa'b',KCa'b'-m,4
5812981072,KCa'b',KCa'b'-m,4
5812981109,KCab,KCab-c,4
5812981106,KCab,KCab-s,7
5812981086,KCab,KCab-s,7
5812981104,KCab,KCab-m,6
5812981136,KCab,KCab-s,5
5812981127,KCab,KCab-m,5
5812981141,KCg,KCg-m,9
5812981142,KCg,KCg-m,9
5812981148,KCg,KCg-m,9
5812981153,KCg,KCg-m,9
5812981154,KCg,KCg-m,8
5812981164,KCa'b',KCa'b'-ap1,3
5812981160,KCg,KCg-m,10
5812981227,KCg,KCg-m,9
5812981270,KCa'b',KCa'b'-ap2,4
5812981274,KCa'b',KCa'b'-ap2,6
5812981277,KCa'b',KCa'b'-ap2,4
5812981275,KCa'b',KCa'b'-ap2,2
5812981290,KCa'b',KCa'b'-ap2,3
5812981279,KCa'b',KCa'b'-ap2,7
5812981308,KCa'b',KCa'b'-m,3
5812981318,KCa'b',KCa'b'-ap2,3
5812981322,KCa'b',KCa'b'-ap2,5
5812981320,KCa'b',KCa'b'-ap2,6
5812981327,KCa'b',KCa'b'-ap2,6
5812981339,KCa'b',KCa'b'-ap1,4
5812981332,KCa'b',KCa'b'-ap1,3
5812979121,KCg,KCg-t,7
5812981333,KCa'b',KCa'b'-ap2,5
5812981341,KCa'b',KCa'b'-ap1,4
5812981340,KCa'b',KCa'b'-ap1,4
5812981361,KCa'b',KCa'b'-ap2,4
5812981379,KCab,KCab-s,6
5812981373,KCa'b',KCa'b'-ap2,6
5812981390,KCab,KCab-m,6
5812981400,KCa'b',KCa'b'-m,5
5812981399,KCa'b',KCa'b'-m,4
5812981401,KCa'b',KCa'b'-m,7
5812979176,KCg,KCg-m,7
5812981432,KCg,KCg-m,10
5812981441,KCg,KCg-m,8
5812981467,KCg,KCg-m,7
5812981553,KCa'b',KCa'b'-m,4
5812981563,KCa'b',KCa'b'-ap2,6
5812981564,KCa'b',KCa'b'-m,3
5812981348,KCa'b',KCa'b'-ap1,3
5812981569,KCa'b',KCa'b'-m,4
5812981570,KCa'b',KCa'b'-m,3
5812981578,KCa'b',KCa'b'-m,6
5812981581,KCa'b',KCa'b'-ap2,6
5812981586,KCa'b',KCa'b'-ap2,3
5812981590,KCa'b',KCa'b'-m,4
5812981582,KCa'b',KCa'b'-ap2,5
5812981602,KCa'b',KCa'b'-ap2,4
5812981607,KCab,KCab-s,7
5812981618,KCab,KCab-s,5
5812981619,KCab,KCab-m,5
5812981616,KCg,KCg-m,11
5812981667,KCab,KCab-m,5
5812981654,KCab,KCab-c,5
5812981669,KCab,KCab-m,3
5812981643,KCab,KCab-p,3
5812981670,KCab,KCab-s,8
5812981671,KCab,KCab-m,8
5812981679,KCab,KCab-s,7
5812981676,KCab,KCab-s,7
5812981673,KCab,KCab-s,7
5812981689,KCa'b',KCa'b'-m,5
5812981690,KCab,KCab-m,5
5812981680,KCab,KCab-p,1
5812981702,KCg,KCg-m,8
5812981703,KCg,KCg-m,10
5812981704,KCg,KCg-m,11
5812981706,KCg,KCg-m,11
5812981717,KCg,KCg-m,9
5812981797,KCa'b',KCa'b'-m,5
5812981796,KCa'b',KCa'b'-m,6
5812981800,KCa'b',KCa'b'-m,6
5812981816,KCa'b',KCa'b'-m,5
5812981858,KCa'b',KCa'b'-ap1,5
5812981853,KCab,KCab-m,6
5812981924,KCg,KCg-m,9
5812981947,KC part due to gap,KC part due to gap,5
5812981944,KCab,KCab-s,5
5812981932,KCg,KCg-m,10
5812981943,KCab,KCab-s,5
5812981962,KC part due to gap,KC part due to gap,5
5812981960,KCa'b',KCa'b'-m,5
5812981961,KCa'b',KCa'b'-ap2,4
5812981951,KCg,KCg-m,9
5812981970,KCab,KCab-c,2
5812981965,KCab,KCab-c,3
5812981971,KCab,KCab-s,5
5812981950,KCab,KCab-m,7
5812981978,KCa'b',KCa'b'-m,5
5812981986,KCg,KCg-m,10
5812981990,KCg,KCg-m,8
5812982000,KCg,KCg-m,9
5812982011,KCy(half),KCy(half),15
5812982017,KCg,KCg-m,9
5812982012,KCab,KCab-m,6
5812981989,KCg,KCg-t,7
5812982088,KCa'b',KCa'b'-m,4
5812982087,KCa'b',KCa'b'-m,4
5812982149,KCa'b',KCa'b'-m,6
5812982086,KCa'b',KCa'b'-m,3
5812982154,KCg,KCg-m,9
5812982145,KCa'b',KCa'b'-m,4
5812982162,KCab,KCab-m,6
5812982168,KCg,KCg-m,10
5812982177,KCab,KCab-m,5
5812982198,KC part due to gap,KC part due to gap,4
5812982200,KC part due to gap,KC part due to gap,1
5812982192,KCab,KCab-m,5
5812982204,KCab,KCab-c,5
5812982211,KCab,KCab-m,4
5812982205,KCg,KCg-m,9
5812982252,KCg,KCg-m,6
5812982316,KCab,KCab-m,4
5812982220,KCg,KCg-m,8
5812982273,KCg,KCg-m,9
5812982216,KCg,KCg-m,11
5812982328,KCg,KCg-m,12
5812982329,KCa'b',KCa'b'-m,5
5812982350,KCa'b',KCa'b'-ap1,2
5812982371,KCg,KCg-m,7
5812982372,KCab,KCab-m,8
5812982374,KCab,KCab-s,6
5812982388,KCab,KCab-m,8
5812982389,KCab,KCab-m,5
5812982390,KCab,KCab-m,7
5812982403,KCg,KCg-m,8
5812982397,KCa'b',KCa'b'-m,4
5812982420,KCg,KCg-m,9
5812982421,KCg,KCg-m,9
5812982430,KC part due to gap,KC part due to gap,2
5812982422,KCg,KCg-m,10
5812982429,KCa'b',KCa'b'-m,7
5812982426,KCab,KCab-m,4
5812982436,KCg,KCg-m,9
5812982437,KCg,KCg-m,9
5812982442,KCg,KCg-m,6
5812982466,KCab,KCab-s,5
5812982470,KCab,KCab-m,6
5812982471,KCab,KCab-s,5
5812982492,KCg,KCg-m,9
5812982505,KCg,KCg-m,8
5812982490,KCab,KCab-s,5
5812982514,KCab,KCab-s,4
5812982506,KCg,KCg-m,8
5812982521,KCab,KCab-c,5
5812982520,KCab,KCab-c,6
5812982529,KCg,KCg-m,9
5812982556,KCg,KCg-d,4
5812982547,KCg,KCg-t,5
5812982532,KCg,KCg-m,8
5812982577,KCg,KCg-m,9
5812982578,KCg,KCg-m,8
5812982579,KCa'b',KCa'b'-ap1,4
5812982562,KCg,KCg-m,9
5812982589,KCg,KCg-m,8
5812982530,KCg,KCg-m,9
5812982594,KCg,KCg-m,8
5812982610,KCg,KCg-m,10
5812982602,KCg,KCg-m,9
5812982620,KCg,KCg-m,9
5812982692,KCa'b',KCa'b'-m,4
5812982694,KCa'b',KCa'b'-m,3
5812982725,KCa'b',KCa'b'-m,4
5812982760,KCab,KCab-c,5
5812982706,KCa'b',KCa'b'-m,5
5812982761,KCab,KCab-m,7
5812982766,KCg,KCg-m,11
5812982795,KC part due to gap,KC part due to gap,4
5812982802,KCab,KCab-s,7
5812982782,KCab,KCab-p,2
5812982803,KCg,KCg-m,5
5812982823,KCa'b',KCa'b'-ap1,3
5812982825,KCg,KCg-m,10
5812982826,KCg,KCg-d,2
5812982837,KCg,KCg-m,11
5812982872,KCg,KCg-m,8
5812982874,KCg,KCg-t,7
5812982832,KCg,KCg-m,8
5812982871,KCg,KCg-m,9
5812982875,KCg,KCg-m,9
5812982876,KCg,KCg-m,8
5812982999,KCg,KCg-m,10
5812983003,KCg,KCg-m,7
5812982925,KCa'b',KCa'b'-ap2,5
5812983012,KCab,KCab-s,3
5812983009,KCg,KCg-m,8
5812983023,KCab,KCab-m,6
5812983028,KCab,KCab-m,5
5812983042,KCg,KCg-m,8
5812983106,KCab,KCab-m,4
5812983043,KCg,KCg-m,7
5812983101,KCg,KCg-m,8
5812983038,KCab,KCab-m,5
5812983107,KCab,KCab-m,4
5812983112,KCa'b',KCa'b'-m,4
5812983114,KCab,KCab-s,6
5812983133,KCab,KCab-c,5
5812983131,KCab,KCab-m,5
5812983166,KCab,KCab-c,6
5812983147,KCg,KCg-m,11
5812983174,KCa'b',KCa'b'-m,4
5812983152,KCg,KCg-m,10
5812983192,KCg,KCg-m,9
5812983200,KCg,KCg-m,9
5812983213,KCab,KCab-s,6
5812983206,KCab,KCab-m,4
5812983268,KCab,KCab-s,5
5812983302,KCab,KCab-c,6
5812983323,KCg,KCg-m,6
5812983310,KCg,KCg-m,10
5812983272,KCab,KCab-m,6
5812983321,KCg,KCg-m,7
5812983322,KCg,KCg-m,9
5812983319,KCab,KCab-c,3
5812983309,KCab,KCab-c,4
5812983328,KCab,KCab-c,6
5812983330,KCg,KCg-m,7
5812983303,KCab,KCab-s,4
5812983346,KCab,KCab-m,5
5812983429,KC part due to gap,KC part due to gap,2
5812983451,KCa'b',KCa'b'-ap2,3
5812983455,KCab,KCab-m,7
5812983345,KCab,KCab-m,5
5812983454,KCab,KCab-s,4
5812983427,KCab,KCab-c,4
5812983337,KCg,KCg-m,5
5812983423,KCab,KCab-m,6
5812983646,KCa'b',KCa'b'-ap1,3
5812983851,KCab,KCab-m,6
5812983745,KCab,KCab-c,2
5812983898,KCa'b',KCa'b'-ap2,6
5812983861,KCab,KCab-m,6
5812983871,KCa'b',KCa'b'-ap2,3
5812983673,KCg,KCg-m,9
5812983869,KCa'b',KCa'b'-ap2,5
5812983866,KCa'b',KCa'b'-m,3
5812983899,KCa'b',KCa'b'-ap2,5
5812983571,KCa'b',KCa'b'-ap1,3
5812987762,KCg,KCg-m,9
5812983903,KCa'b',KCa'b'-ap1,4
5812984045,KCa'b',KCa'b'-ap2,4
5813010617,KCab,KCab-p,1
5812989173,KCg,KCg-m,10
5813019609,KCab,KCab-s,5
5813019770,KCab,KCab-c,5
5813019772,KCab,KCab-c,6
5812983579,KCab,KCab-c,4
5812983578,KCab,KCab-c,4
5813019763,KCab,KCab-s,7
5812983575,KCab,KCab-c,3
5813011555,KCab,KCab-m,5
5812983544,KCa'b',KCa'b'-ap2,5
5812983576,KCab,KCab-c,4
5812983645,KCa'b',KCa'b'-ap1,2
5812983569,KCa'b',KCa'b'-ap2,2
5812983608,KCab,KCab-c,6
5812983658,KCg,KCg-m,8
5812983657,KCg,KCg-m,7
5813019774,KCab,KCab-c,7
5813019779,KCg,KCg-m,11
5813020041,KCa'b',KCa'b'-ap1,4
5813020046,KCa'b',KCa'b'-ap2,4
5813019801,KCg,KCg-m,8
5813019917,KCg,KCg-m,8
5813020057,KCa'b',KCa'b'-ap2,6
5813019982,KCg,KCg-m,8
5813020052,KCa'b',KCa'b'-ap2,2
5813020047,KCa'b',KCa'b'-ap2,7
5813020132,KCg,KCg-m,9
5813020061,KCa'b',KCa'b'-ap1,4
5813020274,KCab,KCab-m,5
5813020830,KCab,KCab-m,5
5813020271,KCa'b',KCa'b'-ap2,4
5813021016,KCab,KCab-c,5
5813021019,KCab,KCab-m,5
5813020831,KCab,KCab-s,6
5813021135,KCab,KCab-c,4
5813021017,KCab,KCab-c,5
5813021183,KC part due to gap,KC part due to gap,4
5813021023,KCab,KCab-c,6
5813021174,KCa'b',KCa'b'-m,4
5813020089,KCg,KCg-m,9
5813021263,KCab,KCab-s,6
5813021275,KCg,KCg-m,9
5813021273,KCg,KCg-m,10
5813021292,KCab,KCab-c,5
5813021251,KCab,KCab-s,7
5813021277,KCab,KCab-m,6
5813021289,KCg,KCg-m,10
5813021294,KCg,KCg-m,10
5813021296,KCg,KCg-m,9
5813021301,KCab,KCab-s,7
5813021303,KCab,KCab-s,7
5813021304,KCab,KCab-s,7
5813021311,KCab,KCab-m,7
5813021314,KCab,KCab-m,6
5813021326,KCab,KCab-m,8
5813021313,KCab,KCab-m,6
5813021312,KCab,KCab-m,3
5813021397,KCab,KCab-c,7
5813021332,KCg,KCg-m,11
5813021315,KCab,KCab-m,3
5813021417,KC part due to gap,KC part due to gap,5
5813021386,KCab,KCab-s,5
5813021382,KCg,KCg-m,11
5813021400,KCab,KCab-m,5
5813021411,KCab,KCab-c,5
5813021404,KCab,KCab-m,6
5813021379,KCg,KCg-m,9
5813021319,KCab,KCab-m,8
5813021363,KCg,KCg-m,10
5813021380,KCg,KCg-m,10
5813021316,KCab,KCab-c,8
5813021399,KCab,KCab-s,5
5813021341,KCg,KCg-m,7
5813021441,KCab,KCab-m,6
5813021447,KCab,KCab-c,6
5813021401,KCab,KCab-s,7
5813021446,KCab,KCab-c,2
5813021415,KCg,KCg-m,10
5813021449,KCab,KCab-m,5
5813021452,KCg,KCg-m,9
5813021465,KCab,KCab-m,5
5813021469,KCg,KCg-m,7
5813021471,KCab,KCab-c,5
5813021474,KC part due to gap,KC part due to gap,5
5813021645,KCa'b',KCa'b'-m,5
5813021647,KCab,KCab-m,6
5813021736,KCa'b',KCa'b'-ap2,5
5813021642,KCa'b',KCa'b'-m,7
5813021748,KCa'b',KCa'b'-ap2,5
5813021772,KCa'b',KCa'b'-m,6
5813021779,KCa'b',KCa'b'-ap2,5
5813021778,KCa'b',KCa'b'-m,3
5813021799,KCa'b',KCa'b'-ap2,5
5813021792,KCa'b',KCa'b'-m,3
5813021659,KCg,KCg-m,10
5813021786,KCa'b',KCa'b'-m,5
5813021781,KCa'b',KCa'b'-ap2,7
5813021766,KCa'b',KCa'b'-ap2,5
5813021805,KCa'b',KCa'b'-ap1,4
5813021865,KCg,KCg-m,11
5813021989,KCab,KCab-c,4
5813021464,KCab,KCab-s,4
5813021463,KCab,KCab-m,5
5813021808,KCa'b',KCa'b'-ap1,2
5813021848,KCa'b',KCa'b'-ap2,5
5813021822,KCa'b',KCa'b'-ap1,3
5813021812,KCa'b',KCa'b'-ap1,5
5813021856,KCa'b',KCa'b'-ap1,5
5813021999,KCab,KCab-c,8
5813021832,KCa'b',KCa'b'-m,4
5813021806,KCa'b',KCa'b'-ap2,4
5813022049,KCab,KCab-m,5
5813022050,KCab,KCab-c,4
5813022054,KCab,KCab-m,6
5813022037,KCa'b',KCa'b'-ap1,4
5813022042,KCab,KCab-c,4
5813022117,KCa'b',KCa'b'-ap2,6
5813022060,KCg,KCg-m,12
5813022119,KCg,KCg-m,8
5813022133,KCg,KCg-m,9
5813022175,KCab,KCab-m,8
5813022207,KCg,KCg-m,8
5813022203,KCg,KCg-m,9
5813022212,KCab,KCab-s,7
5813022239,KCg,KCg-d,1
5813022352,KCg,KCg-m,8
5813022232,KCg,KCg-d,1
5813022210,KCg,KCg-m,8
5813027460,KCg,KCg-m,7
5813027704,KCg,KCg-m,9
5813027584,KCab,KCab-m,6
5813032245,KCab,KCab-c,5
5813032541,KCg,KCg-m,7
5813032552,KCg,KCg-m,5
5813032702,KCab,KCab-c,6
5813032554,KCg,KCg-d,0
5813032694,KCab,KCab-m,5
5813032759,KCab,KCab-m,4
5813032734,KCab,KCab-m,7
5813032811,KCa'b',KCa'b'-m,2
5813032868,KCa'b',KCa'b'-ap2,4
5813032782,KCg,KCg-m,12
5813032874,KCa'b',KCa'b'-ap2,2
5813032887,KCa'b',KCa'b'-ap1,4
5813032876,KCa'b',KCa'b'-ap1,4
5813032900,KCa'b',KCa'b'-ap2,4
5813033009,KCab,KCab-s,6
5813032967,KCg,KCg-m,8
5813033012,KCg,KCg-m,11
5813032946,KCab,KCab-c,5
5813032896,KCa'b',KCa'b'-ap2,6
5813033065,KCg,KCg-m,11
5813033059,KCg,KCg-m,8
5813033086,KCg,KCg-d,2
5813032771,KCg,KCg-s2(super),20
5813033127,KCa'b',KCa'b'-ap2,3
5813033208,KCa'b',KCa'b'-ap2,4
5813033144,KCg,KCg-m,9
5813033259,KCab,KCab-c,4
5813033267,KCab,KCab-m,4
5813035318,KC part due to gap,KC part due to gap,2
5813040892,KC part due to gap,KC part due to gap,3
5813033277,KCab,KCab-m,4
5813035267,KCa'b',KCa'b'-ap1,4
5813035612,KCg,KCg-m,10
5813042616,KCab,KCab-m,5
5813047220,KCa'b',KCa'b'-m,5
5813035558,KCab,KCab-s,8
5813035613,KCa'b',KCa'b'-ap1,3
5813040171,KCg,KCg-m,9
5813047221,KCa'b',KCa'b'-m,4
5813047676,KCa'b',KCa'b'-ap2,4
5813047662,KCg,KCg-m,9
5813049834,KCa'b',KCa'b'-ap1,2
5813041206,KCg,KCg-m,11
5813040887,KC part due to gap,KC part due to gap,4
5813050765,KCa'b',KCa'b'-ap2,5
5813047790,KCa'b',KCa'b'-ap1,5
5813050818,KCab,KCab-m,4
5813053878,KCg,KCg-m,9
5813050820,KCab,KCab-m,5
5813053885,KCg,KCg-m,10
5813053886,KCg,KCg-m,10
5813053935,KCg,KCg-m,6
5813053821,KCg,KCg-m,9
5813053888,KCg,KCg-m,10
5813053937,KCg,KCg-m,9
5813054086,KCg,KCg-m,10
5813054085,KCg,KCg-m,7
5813054343,KCab,KCab-s,4
5813054643,KCab,KCab-m,5
5813055889,KCab,KCab-s,5
5813054342,KCab,KCab-s,7
5813055914,KCab,KCab-s,6
5813055916,KCab,KCab-c,4
5813056120,KCg,KCg-m,9
5813055924,KCg,KCg-m,10
5813056121,KCg,KCg-m,8
5813056234,KCab,KCab-m,7
5813055923,KCg,KCg-m,11
5813056110,KCab,KCab-m,7
5813056300,KCa'b',KCa'b'-ap2,4
5813056305,KCa'b',KCa'b'-m,8
5813056307,KCa'b',KCa'b'-m,4
5813056311,KCg,KCg-m,9
5813056299,KCa'b',KCa'b'-m,6
5813056309,KCg,KCg-m,7
5813056313,KCa'b',KCa'b'-ap2,6
5813056355,KCab,KCab-s,7
5813056327,KCa'b',KCa'b'-m,5
5813056372,KCa'b',KCa'b'-m,4
5813056390,KCa'b',KCa'b'-ap2,4
5813056383,KCg,KCg-m,8
5813056395,KCab,KCab-m,5
5813056414,KCg,KCg-m,8
5813057210,KCg,KCg-m,7
5813057187,KCab,KCab-s,6
5813057191,KCg,KCg-m,10
5813057213,KCab,KCab-m,8
5813057468,KCg,KCg-m,8
5813057573,KCab,KCab-c,6
5813057867,KCa'b',KCa'b'-ap1,4
5813057227,KCa'b',KCa'b'-m,5
5813057239,KCa'b',KCa'b'-m,4
5813057942,KCa'b',KCa'b'-m,4
5813057869,KCg,KCg-m,7
5813058215,KCa'b',KCa'b'-ap2,3
5813057956,KCg,KCg-m,8
5813060614,KCab,KCab-s,5
5813058106,KCab,KCab-m,4
5813060663,KCg,KCg-m,9
5813058069,KCab,KCab-m,7
5813059951,KCa'b',KCa'b'-ap2,5
5813058163,KCa'b',KCa'b'-ap2,6
5813060774,KCa'b',KCa'b'-ap2,6
5813060776,KCa'b',KCa'b'-ap2,4
5813060798,KCg,KCg-m,8
5813060799,KCg,KCg-m,11
5813060811,KCg,KCg-m,8
5813027400,KCg,KCg-m,9
5813061044,KCab,KCab-c,6
5813060812,KCg,KCg-m,9
5813061597,KCa'b',KCa'b'-ap1,3
5813061625,KCab,KCab-m,8
5813062617,KCg,KCg-m,9
5813062565,KCa'b',KCa'b'-ap1,4
5813062830,KCab,KCab-c,6
5813062631,KCg,KCg-m,9
5813062637,KCg,KCg-m,10
5813062645,KCg,KCg-m,6
5813062842,KCa'b',KCa'b'-m,3
5813062850,KCab,KCab-s,5
5813062862,KCg,KCg-m,10
5813063140,KCa'b',KCa'b'-m,4
5813063224,KCa'b',KCa'b'-ap2,3
5813063229,KCab,KCab-s,5
5813063449,KCab,KCab-c,4
5813063527,KCa'b',KCa'b'-m,3
5813064793,KCg,KCg-m,10
5813064427,KCa'b',KCa'b'-ap1,4
5813067736,KCab,KCab-m,5
5813065308,KCab,KCab-m,5
5813067761,KCab,KCab-m,5
5813067765,KCg,KCg-m,10
5813067792,KCg,KCg-m,10
5813067779,KCab,KCab-s,6
5813067795,KCg,KCg-m,9
5813067793,KCg,KCg-m,6
5813067817,KCg,KCg-m,7
5813067826,KCg,KCg-d,7
5813033226,KCg,KCg-m,9
5813021809,KCa'b',KCa'b'-ap1,3
5813067836,KCab,KCab-m,6
5813067833,KCg,KCg-m,12
5813067858,KCa'b',KCa'b'-ap2,6
5813067869,KCab,KCab-m,5
5813069379,KCa'b',KCa'b'-ap2,3
5813068687,KCa'b',KCa'b'-m,6
5813068743,KCab,KCab-s,6
5813069114,KCab,KCab-s,5
5813068969,KCg,KCg-m,8
5813069385,KCa'b',KCa'b'-m,5
5813068752,KCa'b',KCa'b'-m,5
5813075855,KCg,KCg-m,10
5813071406,KCab,KCab-m,6
5813070581,KCg,KCg-m,10
5813069792,KCg,KCg-m,9
5813068690,KCa'b',KCa'b'-m,6
5813070672,KCg,KCg-m,8
5813068692,KCa'b',KCa'b'-ap2,4
5813069096,KCg,KCg-m,10
5813077572,KCg,KCg-m,6
5813077579,KCa'b',KCa'b'-ap2,3
5813077613,KCg,KCg-m,9
5813077583,KCa'b',KCa'b'-ap2,4
5813077582,KCa'b',KCa'b'-ap2,5
5813068984,KCa'b',KCa'b'-ap1,3
5813077611,KCg,KCg-m,9
5813077610,KCg,KCg-m,11
5813078323,KCa'b',KCa'b'-ap1,2
5813078499,KCa'b',KCa'b'-m,3
5813078507,KCab,KCab-s,7
5813079050,KCg,KCg-m,6
5813079174,KCab,KCab-m,6
5813080254,KCab,KCab-m,6
5813080343,KCab,KCab-m,6
5813078679,KCa'b',KCa'b'-ap1,3
5813078552,KCab,KCab-s,5
5813082847,KCab,KCab-c,7
5813083719,KCab,KCab-m,5
5813083990,KCg,KCg-m,7
5813083651,KCg,KCg-d,0
5813084505,KCa'b',KCa'b'-ap1,4
5813078179,KCa'b',KCa'b'-ap2,3
5813085240,KCa'b',KCa'b'-ap2,4
5813084692,KCg,KCg-m,10
5813078064,KCa'b',KCa'b'-m,6
5813077616,KCab,KCab-s,6
5813078053,KCab,KCab-s,7
5813086212,KCab,KCab-c,7
5813081511,KCab,KCab-c,4
5813082811,KCab,KCab-s,6
5813081797,KCab,KCab-s,7
5813078555,KC part due to gap,KC part due to gap,3
5813081175,KCg,KCg-d,3
5813081174,KCg,KCg-m,6
5813080766,KCg,KCg-m,9
5813081176,KCg,KCg-d,3
5813087453,KCab,KCab-m,6
5813089804,KCab,KCab-m,4
5813087831,KCab,KCab-c,5
5813090605,KCab,KCab-m,6
5813088058,KCab,KCab-s,4
5813090861,KCab,KCab-m,5
5813088767,KCab,KCab-s,4
5813091021,KCa'b',KCa'b'-ap1,3
5813091313,KCab,KCab-m,4
5813091211,KCab,KCab-s,3
5813087798,KCg,KCg-m,9
5813093544,KCab,KCab-m,5
5813093847,KCg,KCg-d,2
5813094743,KCg,KCg-m,8
5813093111,KCa'b',KCa'b'-ap2,5
5813093014,KCg,KCg-m,9
5813094364,KCg,KCg-m,4
5813092931,KCab,KCab-p,1
5813095238,KCab,KCab-m,4
5813095472,KCa'b',KCa'b'-m,5
5813095523,KCg,KCg-m,10
5813095018,KCa'b',KCa'b'-ap2,5
5813096260,KCa'b',KCa'b'-ap2,4
5813095915,KCg,KCg-m,10
5813096281,KCab,KCab-c,8
5813065443,KCab,KCab-s,4
5813098738,KCab,KCab-s,5
5813099783,KCab,KCab-m,6
5813099399,KCg,KCg-m,7
5813101387,KCg,KCg-m,8
5813106192,KCab,KCab-m,6
5813109913,KCab,KCab-s,7
5813110238,KCab,KCab-s,6
5813102642,KCg,KCg-m,8
5813104096,KCg,KCg-m,8
5813110459,KCa'b',KCa'b'-ap1,5
5813104095,KCg,KCg-m,8
5813110639,KCg,KCg-m,8
5813110928,KCab,KCab-s,5
5813111042,KCa'b',KCa'b'-ap1,1
5813114253,KCab,KCab-m,6
5813112511,KCa'b',KCa'b'-ap1,4
5813113782,KCab,KCab-m,6
5813114971,KCab,KCab-p,2
5813116530,KC part due to gap,KC part due to gap,4
5813128857,KCab,KCab-c,6
5901193485,KCg,KCg-m,8
5901197726,KCg,KCg-m,9
5901198074,KCg,KCg-m,9
5813110152,KCab,KCab-s,8
5901202076,KCab,KCab-c,4
5901202102,KCg,KCg-m,7
5901205770,KCab,KCab-s,6
5901207528,KCab,KCab-c,3
5901225361,KCg,KCg-m,6
5813079489,KCg,KCg-m,7
5813106497,KCab,KCab-m,4
